"Statistic Label","Year","County","Sex","UNIT","VALUE"
"Mean Weekly Earnings","2011","Co. Clare","Both sexes","Euro","645.7"
"Mean Weekly Earnings","2011","Co. Clare","Male","Euro","753.69"
"Mean Weekly Earnings","2011","Co. Clare","Female","Euro","551.18"
"Mean Weekly Earnings","2011","Co. Cork","Both sexes","Euro","662.45"
"Mean Weekly Earnings","2011","Co. Cork","Male","Euro","774.19"
"Mean Weekly Earnings","2011","Co. Cork","Female","Euro","557.55"
"Mean Weekly Earnings","2011","Co. Cavan","Both sexes","Euro","583.09"
"Mean Weekly Earnings","2011","Co. Cavan","Male","Euro","649.74"
"Mean Weekly Earnings","2011","Co. Cavan","Female","Euro","524.36"
"Mean Weekly Earnings","2011","Co. Carlow","Both sexes","Euro","584.69"
"Mean Weekly Earnings","2011","Co. Carlow","Male","Euro","653.9"
"Mean Weekly Earnings","2011","Co. Carlow","Female","Euro","519.48"
"Mean Weekly Earnings","2011","Co. Donegal","Both sexes","Euro","523.1"
"Mean Weekly Earnings","2011","Co. Donegal","Male","Euro","569.73"
"Mean Weekly Earnings","2011","Co. Donegal","Female","Euro","483.2"
"Mean Weekly Earnings","2011","Co. Dublin","Both sexes","Euro","744.91"
"Mean Weekly Earnings","2011","Co. Dublin","Male","Euro","859.48"
"Mean Weekly Earnings","2011","Co. Dublin","Female","Euro","634.1"
"Mean Weekly Earnings","2011","Co. Galway","Both sexes","Euro","634.98"
"Mean Weekly Earnings","2011","Co. Galway","Male","Euro","706.04"
"Mean Weekly Earnings","2011","Co. Galway","Female","Euro","573.97"
"Mean Weekly Earnings","2011","Co. Kildare","Both sexes","Euro","709.91"
"Mean Weekly Earnings","2011","Co. Kildare","Male","Euro","831.03"
"Mean Weekly Earnings","2011","Co. Kildare","Female","Euro","589.63"
"Mean Weekly Earnings","2011","Co. Kilkenny","Both sexes","Euro","627.46"
"Mean Weekly Earnings","2011","Co. Kilkenny","Male","Euro","715.78"
"Mean Weekly Earnings","2011","Co. Kilkenny","Female","Euro","554.74"
"Mean Weekly Earnings","2011","Co. Kerry","Both sexes","Euro","571.55"
"Mean Weekly Earnings","2011","Co. Kerry","Male","Euro","646.18"
"Mean Weekly Earnings","2011","Co. Kerry","Female","Euro","507.86"
"Mean Weekly Earnings","2011","Co. Longford","Both sexes","Euro","580.04"
"Mean Weekly Earnings","2011","Co. Longford","Male","Euro","633.52"
"Mean Weekly Earnings","2011","Co. Longford","Female","Euro","532.35"
"Mean Weekly Earnings","2011","Co. Louth","Both sexes","Euro","618.7"
"Mean Weekly Earnings","2011","Co. Louth","Male","Euro","705.44"
"Mean Weekly Earnings","2011","Co. Louth","Female","Euro","536.43"
"Mean Weekly Earnings","2011","Co. Limerick","Both sexes","Euro","656.92"
"Mean Weekly Earnings","2011","Co. Limerick","Male","Euro","758.29"
"Mean Weekly Earnings","2011","Co. Limerick","Female","Euro","559.82"
"Mean Weekly Earnings","2011","Co. Leitrim","Both sexes","Euro","581.59"
"Mean Weekly Earnings","2011","Co. Leitrim","Male","Euro","630.8"
"Mean Weekly Earnings","2011","Co. Leitrim","Female","Euro","541.99"
"Mean Weekly Earnings","2011","Co. Laois","Both sexes","Euro","630.56"
"Mean Weekly Earnings","2011","Co. Laois","Male","Euro","713.28"
"Mean Weekly Earnings","2011","Co. Laois","Female","Euro","556.14"
"Mean Weekly Earnings","2011","Co. Meath","Both sexes","Euro","691.51"
"Mean Weekly Earnings","2011","Co. Meath","Male","Euro","814.96"
"Mean Weekly Earnings","2011","Co. Meath","Female","Euro","576.03"
"Mean Weekly Earnings","2011","Co. Monaghan","Both sexes","Euro","547.39"
"Mean Weekly Earnings","2011","Co. Monaghan","Male","Euro","588.34"
"Mean Weekly Earnings","2011","Co. Monaghan","Female","Euro","510.41"
"Mean Weekly Earnings","2011","Co. Mayo","Both sexes","Euro","574.68"
"Mean Weekly Earnings","2011","Co. Mayo","Male","Euro","635.75"
"Mean Weekly Earnings","2011","Co. Mayo","Female","Euro","522.7"
"Mean Weekly Earnings","2011","Co. Offaly","Both sexes","Euro","606.54"
"Mean Weekly Earnings","2011","Co. Offaly","Male","Euro","678.26"
"Mean Weekly Earnings","2011","Co. Offaly","Female","Euro","536.66"
"Mean Weekly Earnings","2011","Co. Roscommon","Both sexes","Euro","608.16"
"Mean Weekly Earnings","2011","Co. Roscommon","Male","Euro","671.32"
"Mean Weekly Earnings","2011","Co. Roscommon","Female","Euro","553.67"
"Mean Weekly Earnings","2011","Co. Sligo","Both sexes","Euro","613.91"
"Mean Weekly Earnings","2011","Co. Sligo","Male","Euro","674.86"
"Mean Weekly Earnings","2011","Co. Sligo","Female","Euro","563.53"
"Mean Weekly Earnings","2011","Co. Tipperary","Both sexes","Euro","612.96"
"Mean Weekly Earnings","2011","Co. Tipperary","Male","Euro","701.3"
"Mean Weekly Earnings","2011","Co. Tipperary","Female","Euro","534.44"
"Mean Weekly Earnings","2011","Co. Waterford","Both sexes","Euro","621.29"
"Mean Weekly Earnings","2011","Co. Waterford","Male","Euro","720.05"
"Mean Weekly Earnings","2011","Co. Waterford","Female","Euro","531.79"
"Mean Weekly Earnings","2011","Co. Wicklow","Both sexes","Euro","696.18"
"Mean Weekly Earnings","2011","Co. Wicklow","Male","Euro","830.5"
"Mean Weekly Earnings","2011","Co. Wicklow","Female","Euro","574.17"
"Mean Weekly Earnings","2011","Co. Westmeath","Both sexes","Euro","631.36"
"Mean Weekly Earnings","2011","Co. Westmeath","Male","Euro","710.94"
"Mean Weekly Earnings","2011","Co. Westmeath","Female","Euro","556.88"
"Mean Weekly Earnings","2011","Co. Wexford","Both sexes","Euro","569.11"
"Mean Weekly Earnings","2011","Co. Wexford","Male","Euro","648.71"
"Mean Weekly Earnings","2011","Co. Wexford","Female","Euro","500.79"
"Mean Weekly Earnings","2011","Ireland","Both sexes","Euro","667.76"
"Mean Weekly Earnings","2011","Ireland","Male","Euro","768.31"
"Mean Weekly Earnings","2011","Ireland","Female","Euro","574.53"
"Mean Weekly Earnings","2012","Co. Clare","Both sexes","Euro","638.98"
"Mean Weekly Earnings","2012","Co. Clare","Male","Euro","741.54"
"Mean Weekly Earnings","2012","Co. Clare","Female","Euro","548.59"
"Mean Weekly Earnings","2012","Co. Cork","Both sexes","Euro","662.93"
"Mean Weekly Earnings","2012","Co. Cork","Male","Euro","773.46"
"Mean Weekly Earnings","2012","Co. Cork","Female","Euro","558.68"
"Mean Weekly Earnings","2012","Co. Cavan","Both sexes","Euro","580.29"
"Mean Weekly Earnings","2012","Co. Cavan","Male","Euro","642.74"
"Mean Weekly Earnings","2012","Co. Cavan","Female","Euro","524.77"
"Mean Weekly Earnings","2012","Co. Carlow","Both sexes","Euro","577.89"
"Mean Weekly Earnings","2012","Co. Carlow","Male","Euro","639.45"
"Mean Weekly Earnings","2012","Co. Carlow","Female","Euro","518.21"
"Mean Weekly Earnings","2012","Co. Donegal","Both sexes","Euro","521.57"
"Mean Weekly Earnings","2012","Co. Donegal","Male","Euro","562.75"
"Mean Weekly Earnings","2012","Co. Donegal","Female","Euro","486.08"
"Mean Weekly Earnings","2012","Co. Dublin","Both sexes","Euro","744.34"
"Mean Weekly Earnings","2012","Co. Dublin","Male","Euro","855.35"
"Mean Weekly Earnings","2012","Co. Dublin","Female","Euro","636.62"
"Mean Weekly Earnings","2012","Co. Galway","Both sexes","Euro","625.99"
"Mean Weekly Earnings","2012","Co. Galway","Male","Euro","693.29"
"Mean Weekly Earnings","2012","Co. Galway","Female","Euro","567.49"
"Mean Weekly Earnings","2012","Co. Kildare","Both sexes","Euro","703.53"
"Mean Weekly Earnings","2012","Co. Kildare","Male","Euro","817.44"
"Mean Weekly Earnings","2012","Co. Kildare","Female","Euro","589.77"
"Mean Weekly Earnings","2012","Co. Kilkenny","Both sexes","Euro","624.7"
"Mean Weekly Earnings","2012","Co. Kilkenny","Male","Euro","708.43"
"Mean Weekly Earnings","2012","Co. Kilkenny","Female","Euro","554.24"
"Mean Weekly Earnings","2012","Co. Kerry","Both sexes","Euro","566.56"
"Mean Weekly Earnings","2012","Co. Kerry","Male","Euro","638.69"
"Mean Weekly Earnings","2012","Co. Kerry","Female","Euro","504.75"
"Mean Weekly Earnings","2012","Co. Longford","Both sexes","Euro","568.88"
"Mean Weekly Earnings","2012","Co. Longford","Male","Euro","616.95"
"Mean Weekly Earnings","2012","Co. Longford","Female","Euro","524.36"
"Mean Weekly Earnings","2012","Co. Louth","Both sexes","Euro","620.68"
"Mean Weekly Earnings","2012","Co. Louth","Male","Euro","699.12"
"Mean Weekly Earnings","2012","Co. Louth","Female","Euro","546.62"
"Mean Weekly Earnings","2012","Co. Limerick","Both sexes","Euro","645.38"
"Mean Weekly Earnings","2012","Co. Limerick","Male","Euro","741.57"
"Mean Weekly Earnings","2012","Co. Limerick","Female","Euro","553.16"
"Mean Weekly Earnings","2012","Co. Leitrim","Both sexes","Euro","579.2"
"Mean Weekly Earnings","2012","Co. Leitrim","Male","Euro","623.53"
"Mean Weekly Earnings","2012","Co. Leitrim","Female","Euro","542.91"
"Mean Weekly Earnings","2012","Co. Laois","Both sexes","Euro","626.38"
"Mean Weekly Earnings","2012","Co. Laois","Male","Euro","707.34"
"Mean Weekly Earnings","2012","Co. Laois","Female","Euro","553.09"
"Mean Weekly Earnings","2012","Co. Meath","Both sexes","Euro","688.11"
"Mean Weekly Earnings","2012","Co. Meath","Male","Euro","805.57"
"Mean Weekly Earnings","2012","Co. Meath","Female","Euro","578"
"Mean Weekly Earnings","2012","Co. Monaghan","Both sexes","Euro","544.68"
"Mean Weekly Earnings","2012","Co. Monaghan","Male","Euro","581.82"
"Mean Weekly Earnings","2012","Co. Monaghan","Female","Euro","511.42"
"Mean Weekly Earnings","2012","Co. Mayo","Both sexes","Euro","568.69"
"Mean Weekly Earnings","2012","Co. Mayo","Male","Euro","627.68"
"Mean Weekly Earnings","2012","Co. Mayo","Female","Euro","518.27"
"Mean Weekly Earnings","2012","Co. Offaly","Both sexes","Euro","597.52"
"Mean Weekly Earnings","2012","Co. Offaly","Male","Euro","666.14"
"Mean Weekly Earnings","2012","Co. Offaly","Female","Euro","531.25"
"Mean Weekly Earnings","2012","Co. Roscommon","Both sexes","Euro","595.14"
"Mean Weekly Earnings","2012","Co. Roscommon","Male","Euro","654.25"
"Mean Weekly Earnings","2012","Co. Roscommon","Female","Euro","544.53"
"Mean Weekly Earnings","2012","Co. Sligo","Both sexes","Euro","620.02"
"Mean Weekly Earnings","2012","Co. Sligo","Male","Euro","681.65"
"Mean Weekly Earnings","2012","Co. Sligo","Female","Euro","568.6"
"Mean Weekly Earnings","2012","Co. Tipperary","Both sexes","Euro","604.33"
"Mean Weekly Earnings","2012","Co. Tipperary","Male","Euro","686.37"
"Mean Weekly Earnings","2012","Co. Tipperary","Female","Euro","531.06"
"Mean Weekly Earnings","2012","Co. Waterford","Both sexes","Euro","614.26"
"Mean Weekly Earnings","2012","Co. Waterford","Male","Euro","710.98"
"Mean Weekly Earnings","2012","Co. Waterford","Female","Euro","526.25"
"Mean Weekly Earnings","2012","Co. Wicklow","Both sexes","Euro","688.72"
"Mean Weekly Earnings","2012","Co. Wicklow","Male","Euro","815.43"
"Mean Weekly Earnings","2012","Co. Wicklow","Female","Euro","573.66"
"Mean Weekly Earnings","2012","Co. Westmeath","Both sexes","Euro","620.18"
"Mean Weekly Earnings","2012","Co. Westmeath","Male","Euro","695.36"
"Mean Weekly Earnings","2012","Co. Westmeath","Female","Euro","550.83"
"Mean Weekly Earnings","2012","Co. Wexford","Both sexes","Euro","567.2"
"Mean Weekly Earnings","2012","Co. Wexford","Male","Euro","642.66"
"Mean Weekly Earnings","2012","Co. Wexford","Female","Euro","501.44"
"Mean Weekly Earnings","2012","Ireland","Both sexes","Euro","664.21"
"Mean Weekly Earnings","2012","Ireland","Male","Euro","760.77"
"Mean Weekly Earnings","2012","Ireland","Female","Euro","574.35"
"Mean Weekly Earnings","2013","Co. Clare","Both sexes","Euro","640.43"
"Mean Weekly Earnings","2013","Co. Clare","Male","Euro","741"
"Mean Weekly Earnings","2013","Co. Clare","Female","Euro","550.86"
"Mean Weekly Earnings","2013","Co. Cork","Both sexes","Euro","660.59"
"Mean Weekly Earnings","2013","Co. Cork","Male","Euro","766.63"
"Mean Weekly Earnings","2013","Co. Cork","Female","Euro","557.81"
"Mean Weekly Earnings","2013","Co. Cavan","Both sexes","Euro","578.47"
"Mean Weekly Earnings","2013","Co. Cavan","Male","Euro","642.04"
"Mean Weekly Earnings","2013","Co. Cavan","Female","Euro","520.27"
"Mean Weekly Earnings","2013","Co. Carlow","Both sexes","Euro","579.87"
"Mean Weekly Earnings","2013","Co. Carlow","Male","Euro","642.56"
"Mean Weekly Earnings","2013","Co. Carlow","Female","Euro","517.93"
"Mean Weekly Earnings","2013","Co. Donegal","Both sexes","Euro","513.61"
"Mean Weekly Earnings","2013","Co. Donegal","Male","Euro","551.08"
"Mean Weekly Earnings","2013","Co. Donegal","Female","Euro","480.21"
"Mean Weekly Earnings","2013","Co. Dublin","Both sexes","Euro","743.37"
"Mean Weekly Earnings","2013","Co. Dublin","Male","Euro","851.24"
"Mean Weekly Earnings","2013","Co. Dublin","Female","Euro","636.88"
"Mean Weekly Earnings","2013","Co. Galway","Both sexes","Euro","628.37"
"Mean Weekly Earnings","2013","Co. Galway","Male","Euro","696.95"
"Mean Weekly Earnings","2013","Co. Galway","Female","Euro","567.43"
"Mean Weekly Earnings","2013","Co. Kildare","Both sexes","Euro","704.2"
"Mean Weekly Earnings","2013","Co. Kildare","Male","Euro","816.39"
"Mean Weekly Earnings","2013","Co. Kildare","Female","Euro","590.7"
"Mean Weekly Earnings","2013","Co. Kilkenny","Both sexes","Euro","622.96"
"Mean Weekly Earnings","2013","Co. Kilkenny","Male","Euro","704.46"
"Mean Weekly Earnings","2013","Co. Kilkenny","Female","Euro","553.16"
"Mean Weekly Earnings","2013","Co. Kerry","Both sexes","Euro","564.07"
"Mean Weekly Earnings","2013","Co. Kerry","Male","Euro","632.61"
"Mean Weekly Earnings","2013","Co. Kerry","Female","Euro","504.49"
"Mean Weekly Earnings","2013","Co. Longford","Both sexes","Euro","576.04"
"Mean Weekly Earnings","2013","Co. Longford","Male","Euro","624.56"
"Mean Weekly Earnings","2013","Co. Longford","Female","Euro","530.42"
"Mean Weekly Earnings","2013","Co. Louth","Both sexes","Euro","608.14"
"Mean Weekly Earnings","2013","Co. Louth","Male","Euro","685.04"
"Mean Weekly Earnings","2013","Co. Louth","Female","Euro","533.13"
"Mean Weekly Earnings","2013","Co. Limerick","Both sexes","Euro","643.1"
"Mean Weekly Earnings","2013","Co. Limerick","Male","Euro","736.87"
"Mean Weekly Earnings","2013","Co. Limerick","Female","Euro","551.59"
"Mean Weekly Earnings","2013","Co. Leitrim","Both sexes","Euro","575.95"
"Mean Weekly Earnings","2013","Co. Leitrim","Male","Euro","616.91"
"Mean Weekly Earnings","2013","Co. Leitrim","Female","Euro","541.91"
"Mean Weekly Earnings","2013","Co. Laois","Both sexes","Euro","622.74"
"Mean Weekly Earnings","2013","Co. Laois","Male","Euro","698.36"
"Mean Weekly Earnings","2013","Co. Laois","Female","Euro","553.28"
"Mean Weekly Earnings","2013","Co. Meath","Both sexes","Euro","688.48"
"Mean Weekly Earnings","2013","Co. Meath","Male","Euro","802.05"
"Mean Weekly Earnings","2013","Co. Meath","Female","Euro","579.48"
"Mean Weekly Earnings","2013","Co. Monaghan","Both sexes","Euro","539.23"
"Mean Weekly Earnings","2013","Co. Monaghan","Male","Euro","575.8"
"Mean Weekly Earnings","2013","Co. Monaghan","Female","Euro","505.09"
"Mean Weekly Earnings","2013","Co. Mayo","Both sexes","Euro","570.02"
"Mean Weekly Earnings","2013","Co. Mayo","Male","Euro","628.47"
"Mean Weekly Earnings","2013","Co. Mayo","Female","Euro","518.5"
"Mean Weekly Earnings","2013","Co. Offaly","Both sexes","Euro","600.56"
"Mean Weekly Earnings","2013","Co. Offaly","Male","Euro","671.84"
"Mean Weekly Earnings","2013","Co. Offaly","Female","Euro","529.24"
"Mean Weekly Earnings","2013","Co. Roscommon","Both sexes","Euro","595.09"
"Mean Weekly Earnings","2013","Co. Roscommon","Male","Euro","653.22"
"Mean Weekly Earnings","2013","Co. Roscommon","Female","Euro","544.3"
"Mean Weekly Earnings","2013","Co. Sligo","Both sexes","Euro","607.99"
"Mean Weekly Earnings","2013","Co. Sligo","Male","Euro","664.79"
"Mean Weekly Earnings","2013","Co. Sligo","Female","Euro","559.38"
"Mean Weekly Earnings","2013","Co. Tipperary","Both sexes","Euro","602.78"
"Mean Weekly Earnings","2013","Co. Tipperary","Male","Euro","680.29"
"Mean Weekly Earnings","2013","Co. Tipperary","Female","Euro","531.38"
"Mean Weekly Earnings","2013","Co. Waterford","Both sexes","Euro","615.09"
"Mean Weekly Earnings","2013","Co. Waterford","Male","Euro","706.53"
"Mean Weekly Earnings","2013","Co. Waterford","Female","Euro","530.53"
"Mean Weekly Earnings","2013","Co. Wicklow","Both sexes","Euro","685.96"
"Mean Weekly Earnings","2013","Co. Wicklow","Male","Euro","811.68"
"Mean Weekly Earnings","2013","Co. Wicklow","Female","Euro","570"
"Mean Weekly Earnings","2013","Co. Westmeath","Both sexes","Euro","619.97"
"Mean Weekly Earnings","2013","Co. Westmeath","Male","Euro","690.59"
"Mean Weekly Earnings","2013","Co. Westmeath","Female","Euro","552.24"
"Mean Weekly Earnings","2013","Co. Wexford","Both sexes","Euro","562.31"
"Mean Weekly Earnings","2013","Co. Wexford","Male","Euro","628.86"
"Mean Weekly Earnings","2013","Co. Wexford","Female","Euro","502.17"
"Mean Weekly Earnings","2013","Ireland","Both sexes","Euro","662.65"
"Mean Weekly Earnings","2013","Ireland","Male","Euro","756.19"
"Mean Weekly Earnings","2013","Ireland","Female","Euro","573.76"
"Mean Weekly Earnings","2014","Co. Clare","Both sexes","Euro","640.64"
"Mean Weekly Earnings","2014","Co. Clare","Male","Euro","739.2"
"Mean Weekly Earnings","2014","Co. Clare","Female","Euro","552.14"
"Mean Weekly Earnings","2014","Co. Cork","Both sexes","Euro","661.49"
"Mean Weekly Earnings","2014","Co. Cork","Male","Euro","768.51"
"Mean Weekly Earnings","2014","Co. Cork","Female","Euro","556.6"
"Mean Weekly Earnings","2014","Co. Cavan","Both sexes","Euro","578.05"
"Mean Weekly Earnings","2014","Co. Cavan","Male","Euro","639.67"
"Mean Weekly Earnings","2014","Co. Cavan","Female","Euro","519.44"
"Mean Weekly Earnings","2014","Co. Carlow","Both sexes","Euro","577.89"
"Mean Weekly Earnings","2014","Co. Carlow","Male","Euro","640.87"
"Mean Weekly Earnings","2014","Co. Carlow","Female","Euro","513.47"
"Mean Weekly Earnings","2014","Co. Donegal","Both sexes","Euro","512.31"
"Mean Weekly Earnings","2014","Co. Donegal","Male","Euro","550.09"
"Mean Weekly Earnings","2014","Co. Donegal","Female","Euro","478.03"
"Mean Weekly Earnings","2014","Co. Dublin","Both sexes","Euro","744.69"
"Mean Weekly Earnings","2014","Co. Dublin","Male","Euro","850.19"
"Mean Weekly Earnings","2014","Co. Dublin","Female","Euro","638.27"
"Mean Weekly Earnings","2014","Co. Galway","Both sexes","Euro","636.79"
"Mean Weekly Earnings","2014","Co. Galway","Male","Euro","707.06"
"Mean Weekly Earnings","2014","Co. Galway","Female","Euro","573.21"
"Mean Weekly Earnings","2014","Co. Kildare","Both sexes","Euro","702.66"
"Mean Weekly Earnings","2014","Co. Kildare","Male","Euro","811.66"
"Mean Weekly Earnings","2014","Co. Kildare","Female","Euro","589.38"
"Mean Weekly Earnings","2014","Co. Kilkenny","Both sexes","Euro","618.32"
"Mean Weekly Earnings","2014","Co. Kilkenny","Male","Euro","696.33"
"Mean Weekly Earnings","2014","Co. Kilkenny","Female","Euro","550.06"
"Mean Weekly Earnings","2014","Co. Kerry","Both sexes","Euro","566.1"
"Mean Weekly Earnings","2014","Co. Kerry","Male","Euro","635.01"
"Mean Weekly Earnings","2014","Co. Kerry","Female","Euro","504.12"
"Mean Weekly Earnings","2014","Co. Longford","Both sexes","Euro","570.11"
"Mean Weekly Earnings","2014","Co. Longford","Male","Euro","617.87"
"Mean Weekly Earnings","2014","Co. Longford","Female","Euro","524.21"
"Mean Weekly Earnings","2014","Co. Louth","Both sexes","Euro","609.03"
"Mean Weekly Earnings","2014","Co. Louth","Male","Euro","684.97"
"Mean Weekly Earnings","2014","Co. Louth","Female","Euro","533.53"
"Mean Weekly Earnings","2014","Co. Limerick","Both sexes","Euro","643.35"
"Mean Weekly Earnings","2014","Co. Limerick","Male","Euro","733.42"
"Mean Weekly Earnings","2014","Co. Limerick","Female","Euro","553.39"
"Mean Weekly Earnings","2014","Co. Leitrim","Both sexes","Euro","572.75"
"Mean Weekly Earnings","2014","Co. Leitrim","Male","Euro","613.14"
"Mean Weekly Earnings","2014","Co. Leitrim","Female","Euro","537.99"
"Mean Weekly Earnings","2014","Co. Laois","Both sexes","Euro","622.42"
"Mean Weekly Earnings","2014","Co. Laois","Male","Euro","699.82"
"Mean Weekly Earnings","2014","Co. Laois","Female","Euro","548.84"
"Mean Weekly Earnings","2014","Co. Meath","Both sexes","Euro","684.69"
"Mean Weekly Earnings","2014","Co. Meath","Male","Euro","794.68"
"Mean Weekly Earnings","2014","Co. Meath","Female","Euro","576.04"
"Mean Weekly Earnings","2014","Co. Monaghan","Both sexes","Euro","536.8"
"Mean Weekly Earnings","2014","Co. Monaghan","Male","Euro","574.74"
"Mean Weekly Earnings","2014","Co. Monaghan","Female","Euro","500.41"
"Mean Weekly Earnings","2014","Co. Mayo","Both sexes","Euro","570.49"
"Mean Weekly Earnings","2014","Co. Mayo","Male","Euro","628.22"
"Mean Weekly Earnings","2014","Co. Mayo","Female","Euro","517.72"
"Mean Weekly Earnings","2014","Co. Offaly","Both sexes","Euro","594.39"
"Mean Weekly Earnings","2014","Co. Offaly","Male","Euro","659.92"
"Mean Weekly Earnings","2014","Co. Offaly","Female","Euro","527.25"
"Mean Weekly Earnings","2014","Co. Roscommon","Both sexes","Euro","595.28"
"Mean Weekly Earnings","2014","Co. Roscommon","Male","Euro","649.64"
"Mean Weekly Earnings","2014","Co. Roscommon","Female","Euro","546.49"
"Mean Weekly Earnings","2014","Co. Sligo","Both sexes","Euro","604.99"
"Mean Weekly Earnings","2014","Co. Sligo","Male","Euro","665.66"
"Mean Weekly Earnings","2014","Co. Sligo","Female","Euro","552.6"
"Mean Weekly Earnings","2014","Co. Tipperary","Both sexes","Euro","603.6"
"Mean Weekly Earnings","2014","Co. Tipperary","Male","Euro","679.97"
"Mean Weekly Earnings","2014","Co. Tipperary","Female","Euro","532.15"
"Mean Weekly Earnings","2014","Co. Waterford","Both sexes","Euro","609.37"
"Mean Weekly Earnings","2014","Co. Waterford","Male","Euro","699.31"
"Mean Weekly Earnings","2014","Co. Waterford","Female","Euro","524.01"
"Mean Weekly Earnings","2014","Co. Wicklow","Both sexes","Euro","684.51"
"Mean Weekly Earnings","2014","Co. Wicklow","Male","Euro","806.14"
"Mean Weekly Earnings","2014","Co. Wicklow","Female","Euro","569.48"
"Mean Weekly Earnings","2014","Co. Westmeath","Both sexes","Euro","618.16"
"Mean Weekly Earnings","2014","Co. Westmeath","Male","Euro","685.8"
"Mean Weekly Earnings","2014","Co. Westmeath","Female","Euro","551.23"
"Mean Weekly Earnings","2014","Co. Wexford","Both sexes","Euro","558.81"
"Mean Weekly Earnings","2014","Co. Wexford","Male","Euro","622.93"
"Mean Weekly Earnings","2014","Co. Wexford","Female","Euro","498.3"
"Mean Weekly Earnings","2014","Ireland","Both sexes","Euro","662.76"
"Mean Weekly Earnings","2014","Ireland","Male","Euro","754.71"
"Mean Weekly Earnings","2014","Ireland","Female","Euro","573.47"
"Mean Weekly Earnings","2015","Co. Clare","Both sexes","Euro","646.44"
"Mean Weekly Earnings","2015","Co. Clare","Male","Euro","741.98"
"Mean Weekly Earnings","2015","Co. Clare","Female","Euro","559.19"
"Mean Weekly Earnings","2015","Co. Cork","Both sexes","Euro","671.29"
"Mean Weekly Earnings","2015","Co. Cork","Male","Euro","778"
"Mean Weekly Earnings","2015","Co. Cork","Female","Euro","565.48"
"Mean Weekly Earnings","2015","Co. Cavan","Both sexes","Euro","586.02"
"Mean Weekly Earnings","2015","Co. Cavan","Male","Euro","648.07"
"Mean Weekly Earnings","2015","Co. Cavan","Female","Euro","525.39"
"Mean Weekly Earnings","2015","Co. Carlow","Both sexes","Euro","583.27"
"Mean Weekly Earnings","2015","Co. Carlow","Male","Euro","644.63"
"Mean Weekly Earnings","2015","Co. Carlow","Female","Euro","520.24"
"Mean Weekly Earnings","2015","Co. Donegal","Both sexes","Euro","516.92"
"Mean Weekly Earnings","2015","Co. Donegal","Male","Euro","556.65"
"Mean Weekly Earnings","2015","Co. Donegal","Female","Euro","480.59"
"Mean Weekly Earnings","2015","Co. Dublin","Both sexes","Euro","757.64"
"Mean Weekly Earnings","2015","Co. Dublin","Male","Euro","863.76"
"Mean Weekly Earnings","2015","Co. Dublin","Female","Euro","648.9"
"Mean Weekly Earnings","2015","Co. Galway","Both sexes","Euro","639.41"
"Mean Weekly Earnings","2015","Co. Galway","Male","Euro","709.88"
"Mean Weekly Earnings","2015","Co. Galway","Female","Euro","574.9"
"Mean Weekly Earnings","2015","Co. Kildare","Both sexes","Euro","715.98"
"Mean Weekly Earnings","2015","Co. Kildare","Male","Euro","826.48"
"Mean Weekly Earnings","2015","Co. Kildare","Female","Euro","600.27"
"Mean Weekly Earnings","2015","Co. Kilkenny","Both sexes","Euro","625.41"
"Mean Weekly Earnings","2015","Co. Kilkenny","Male","Euro","698.42"
"Mean Weekly Earnings","2015","Co. Kilkenny","Female","Euro","560.16"
"Mean Weekly Earnings","2015","Co. Kerry","Both sexes","Euro","568.2"
"Mean Weekly Earnings","2015","Co. Kerry","Male","Euro","638.7"
"Mean Weekly Earnings","2015","Co. Kerry","Female","Euro","504.95"
"Mean Weekly Earnings","2015","Co. Longford","Both sexes","Euro","580.45"
"Mean Weekly Earnings","2015","Co. Longford","Male","Euro","628.87"
"Mean Weekly Earnings","2015","Co. Longford","Female","Euro","533.03"
"Mean Weekly Earnings","2015","Co. Louth","Both sexes","Euro","616.39"
"Mean Weekly Earnings","2015","Co. Louth","Male","Euro","691.6"
"Mean Weekly Earnings","2015","Co. Louth","Female","Euro","540.01"
"Mean Weekly Earnings","2015","Co. Limerick","Both sexes","Euro","648.33"
"Mean Weekly Earnings","2015","Co. Limerick","Male","Euro","736.11"
"Mean Weekly Earnings","2015","Co. Limerick","Female","Euro","558.5"
"Mean Weekly Earnings","2015","Co. Leitrim","Both sexes","Euro","577.75"
"Mean Weekly Earnings","2015","Co. Leitrim","Male","Euro","619.16"
"Mean Weekly Earnings","2015","Co. Leitrim","Female","Euro","542.09"
"Mean Weekly Earnings","2015","Co. Laois","Both sexes","Euro","629.33"
"Mean Weekly Earnings","2015","Co. Laois","Male","Euro","702.6"
"Mean Weekly Earnings","2015","Co. Laois","Female","Euro","558.3"
"Mean Weekly Earnings","2015","Co. Meath","Both sexes","Euro","696.29"
"Mean Weekly Earnings","2015","Co. Meath","Male","Euro","807.2"
"Mean Weekly Earnings","2015","Co. Meath","Female","Euro","585.29"
"Mean Weekly Earnings","2015","Co. Monaghan","Both sexes","Euro","542.92"
"Mean Weekly Earnings","2015","Co. Monaghan","Male","Euro","579.93"
"Mean Weekly Earnings","2015","Co. Monaghan","Female","Euro","506.8"
"Mean Weekly Earnings","2015","Co. Mayo","Both sexes","Euro","577.55"
"Mean Weekly Earnings","2015","Co. Mayo","Male","Euro","634.82"
"Mean Weekly Earnings","2015","Co. Mayo","Female","Euro","525.8"
"Mean Weekly Earnings","2015","Co. Offaly","Both sexes","Euro","600.31"
"Mean Weekly Earnings","2015","Co. Offaly","Male","Euro","661.73"
"Mean Weekly Earnings","2015","Co. Offaly","Female","Euro","535.39"
"Mean Weekly Earnings","2015","Co. Roscommon","Both sexes","Euro","599.19"
"Mean Weekly Earnings","2015","Co. Roscommon","Male","Euro","650.53"
"Mean Weekly Earnings","2015","Co. Roscommon","Female","Euro","552.18"
"Mean Weekly Earnings","2015","Co. Sligo","Both sexes","Euro","608.9"
"Mean Weekly Earnings","2015","Co. Sligo","Male","Euro","665.42"
"Mean Weekly Earnings","2015","Co. Sligo","Female","Euro","560.12"
"Mean Weekly Earnings","2015","Co. Tipperary","Both sexes","Euro","609.17"
"Mean Weekly Earnings","2015","Co. Tipperary","Male","Euro","684.93"
"Mean Weekly Earnings","2015","Co. Tipperary","Female","Euro","537.61"
"Mean Weekly Earnings","2015","Co. Waterford","Both sexes","Euro","610.4"
"Mean Weekly Earnings","2015","Co. Waterford","Male","Euro","697.22"
"Mean Weekly Earnings","2015","Co. Waterford","Female","Euro","526.41"
"Mean Weekly Earnings","2015","Co. Wicklow","Both sexes","Euro","694.31"
"Mean Weekly Earnings","2015","Co. Wicklow","Male","Euro","813.51"
"Mean Weekly Earnings","2015","Co. Wicklow","Female","Euro","580.57"
"Mean Weekly Earnings","2015","Co. Westmeath","Both sexes","Euro","626.94"
"Mean Weekly Earnings","2015","Co. Westmeath","Male","Euro","695.73"
"Mean Weekly Earnings","2015","Co. Westmeath","Female","Euro","557.79"
"Mean Weekly Earnings","2015","Co. Wexford","Both sexes","Euro","563.64"
"Mean Weekly Earnings","2015","Co. Wexford","Male","Euro","627.69"
"Mean Weekly Earnings","2015","Co. Wexford","Female","Euro","502.48"
"Mean Weekly Earnings","2015","Ireland","Both sexes","Euro","671.73"
"Mean Weekly Earnings","2015","Ireland","Male","Euro","763.47"
"Mean Weekly Earnings","2015","Ireland","Female","Euro","581.45"
"Mean Weekly Earnings","2016","Co. Clare","Both sexes","Euro","649.31"
"Mean Weekly Earnings","2016","Co. Clare","Male","Euro","749.08"
"Mean Weekly Earnings","2016","Co. Clare","Female","Euro","555.85"
"Mean Weekly Earnings","2016","Co. Cork","Both sexes","Euro","681.41"
"Mean Weekly Earnings","2016","Co. Cork","Male","Euro","791.11"
"Mean Weekly Earnings","2016","Co. Cork","Female","Euro","571.25"
"Mean Weekly Earnings","2016","Co. Cavan","Both sexes","Euro","584.59"
"Mean Weekly Earnings","2016","Co. Cavan","Male","Euro","650.4"
"Mean Weekly Earnings","2016","Co. Cavan","Female","Euro","517.2"
"Mean Weekly Earnings","2016","Co. Carlow","Both sexes","Euro","584.8"
"Mean Weekly Earnings","2016","Co. Carlow","Male","Euro","652.34"
"Mean Weekly Earnings","2016","Co. Carlow","Female","Euro","512.56"
"Mean Weekly Earnings","2016","Co. Donegal","Both sexes","Euro","514.33"
"Mean Weekly Earnings","2016","Co. Donegal","Male","Euro","557.92"
"Mean Weekly Earnings","2016","Co. Donegal","Female","Euro","474.04"
"Mean Weekly Earnings","2016","Co. Dublin","Both sexes","Euro","777.63"
"Mean Weekly Earnings","2016","Co. Dublin","Male","Euro","882.72"
"Mean Weekly Earnings","2016","Co. Dublin","Female","Euro","669.8"
"Mean Weekly Earnings","2016","Co. Galway","Both sexes","Euro","645.06"
"Mean Weekly Earnings","2016","Co. Galway","Male","Euro","718.74"
"Mean Weekly Earnings","2016","Co. Galway","Female","Euro","575.5"
"Mean Weekly Earnings","2016","Co. Kildare","Both sexes","Euro","731.41"
"Mean Weekly Earnings","2016","Co. Kildare","Male","Euro","845.78"
"Mean Weekly Earnings","2016","Co. Kildare","Female","Euro","610.27"
"Mean Weekly Earnings","2016","Co. Kilkenny","Both sexes","Euro","624.73"
"Mean Weekly Earnings","2016","Co. Kilkenny","Male","Euro","701.55"
"Mean Weekly Earnings","2016","Co. Kilkenny","Female","Euro","553.74"
"Mean Weekly Earnings","2016","Co. Kerry","Both sexes","Euro","559.7"
"Mean Weekly Earnings","2016","Co. Kerry","Male","Euro","632.34"
"Mean Weekly Earnings","2016","Co. Kerry","Female","Euro","492.48"
"Mean Weekly Earnings","2016","Co. Longford","Both sexes","Euro","571.45"
"Mean Weekly Earnings","2016","Co. Longford","Male","Euro","619.78"
"Mean Weekly Earnings","2016","Co. Longford","Female","Euro","520.77"
"Mean Weekly Earnings","2016","Co. Louth","Both sexes","Euro","618.62"
"Mean Weekly Earnings","2016","Co. Louth","Male","Euro","694.58"
"Mean Weekly Earnings","2016","Co. Louth","Female","Euro","539.41"
"Mean Weekly Earnings","2016","Co. Limerick","Both sexes","Euro","651.25"
"Mean Weekly Earnings","2016","Co. Limerick","Male","Euro","741.6"
"Mean Weekly Earnings","2016","Co. Limerick","Female","Euro","557.59"
"Mean Weekly Earnings","2016","Co. Leitrim","Both sexes","Euro","573.72"
"Mean Weekly Earnings","2016","Co. Leitrim","Male","Euro","622.85"
"Mean Weekly Earnings","2016","Co. Leitrim","Female","Euro","530.19"
"Mean Weekly Earnings","2016","Co. Laois","Both sexes","Euro","629.14"
"Mean Weekly Earnings","2016","Co. Laois","Male","Euro","705.76"
"Mean Weekly Earnings","2016","Co. Laois","Female","Euro","552.29"
"Mean Weekly Earnings","2016","Co. Meath","Both sexes","Euro","706.26"
"Mean Weekly Earnings","2016","Co. Meath","Male","Euro","818.21"
"Mean Weekly Earnings","2016","Co. Meath","Female","Euro","590.74"
"Mean Weekly Earnings","2016","Co. Monaghan","Both sexes","Euro","540.96"
"Mean Weekly Earnings","2016","Co. Monaghan","Male","Euro","581.26"
"Mean Weekly Earnings","2016","Co. Monaghan","Female","Euro","499.96"
"Mean Weekly Earnings","2016","Co. Mayo","Both sexes","Euro","575.87"
"Mean Weekly Earnings","2016","Co. Mayo","Male","Euro","637.67"
"Mean Weekly Earnings","2016","Co. Mayo","Female","Euro","519.2"
"Mean Weekly Earnings","2016","Co. Offaly","Both sexes","Euro","598.46"
"Mean Weekly Earnings","2016","Co. Offaly","Male","Euro","662.18"
"Mean Weekly Earnings","2016","Co. Offaly","Female","Euro","530.98"
"Mean Weekly Earnings","2016","Co. Roscommon","Both sexes","Euro","600.54"
"Mean Weekly Earnings","2016","Co. Roscommon","Male","Euro","656.64"
"Mean Weekly Earnings","2016","Co. Roscommon","Female","Euro","547.36"
"Mean Weekly Earnings","2016","Co. Sligo","Both sexes","Euro","608.9"
"Mean Weekly Earnings","2016","Co. Sligo","Male","Euro","666.71"
"Mean Weekly Earnings","2016","Co. Sligo","Female","Euro","557.38"
"Mean Weekly Earnings","2016","Co. Tipperary","Both sexes","Euro","603.07"
"Mean Weekly Earnings","2016","Co. Tipperary","Male","Euro","677.07"
"Mean Weekly Earnings","2016","Co. Tipperary","Female","Euro","531.12"
"Mean Weekly Earnings","2016","Co. Waterford","Both sexes","Euro","614.35"
"Mean Weekly Earnings","2016","Co. Waterford","Male","Euro","703.02"
"Mean Weekly Earnings","2016","Co. Waterford","Female","Euro","525.37"
"Mean Weekly Earnings","2016","Co. Wicklow","Both sexes","Euro","711.82"
"Mean Weekly Earnings","2016","Co. Wicklow","Male","Euro","833.99"
"Mean Weekly Earnings","2016","Co. Wicklow","Female","Euro","591.64"
"Mean Weekly Earnings","2016","Co. Westmeath","Both sexes","Euro","633.21"
"Mean Weekly Earnings","2016","Co. Westmeath","Male","Euro","707.94"
"Mean Weekly Earnings","2016","Co. Westmeath","Female","Euro","555.36"
"Mean Weekly Earnings","2016","Co. Wexford","Both sexes","Euro","567.5"
"Mean Weekly Earnings","2016","Co. Wexford","Male","Euro","635.94"
"Mean Weekly Earnings","2016","Co. Wexford","Female","Euro","500.32"
"Mean Weekly Earnings","2016","Ireland","Both sexes","Euro","682.23"
"Mean Weekly Earnings","2016","Ireland","Male","Euro","775.48"
"Mean Weekly Earnings","2016","Ireland","Female","Euro","588.97"
"Mean Weekly Earnings","2017","Co. Clare","Both sexes","Euro","664.23"
"Mean Weekly Earnings","2017","Co. Clare","Male","Euro","766.11"
"Mean Weekly Earnings","2017","Co. Clare","Female","Euro","568.29"
"Mean Weekly Earnings","2017","Co. Cork","Both sexes","Euro","698.61"
"Mean Weekly Earnings","2017","Co. Cork","Male","Euro","811.5"
"Mean Weekly Earnings","2017","Co. Cork","Female","Euro","585.39"
"Mean Weekly Earnings","2017","Co. Cavan","Both sexes","Euro","598.77"
"Mean Weekly Earnings","2017","Co. Cavan","Male","Euro","666.1"
"Mean Weekly Earnings","2017","Co. Cavan","Female","Euro","528.92"
"Mean Weekly Earnings","2017","Co. Carlow","Both sexes","Euro","597.61"
"Mean Weekly Earnings","2017","Co. Carlow","Male","Euro","667.13"
"Mean Weekly Earnings","2017","Co. Carlow","Female","Euro","523.05"
"Mean Weekly Earnings","2017","Co. Donegal","Both sexes","Euro","528.61"
"Mean Weekly Earnings","2017","Co. Donegal","Male","Euro","571.68"
"Mean Weekly Earnings","2017","Co. Donegal","Female","Euro","488.29"
"Mean Weekly Earnings","2017","Co. Dublin","Both sexes","Euro","797.8"
"Mean Weekly Earnings","2017","Co. Dublin","Male","Euro","906.34"
"Mean Weekly Earnings","2017","Co. Dublin","Female","Euro","686.28"
"Mean Weekly Earnings","2017","Co. Galway","Both sexes","Euro","662.7"
"Mean Weekly Earnings","2017","Co. Galway","Male","Euro","737.48"
"Mean Weekly Earnings","2017","Co. Galway","Female","Euro","592.01"
"Mean Weekly Earnings","2017","Co. Kildare","Both sexes","Euro","749.26"
"Mean Weekly Earnings","2017","Co. Kildare","Male","Euro","866.11"
"Mean Weekly Earnings","2017","Co. Kildare","Female","Euro","625.73"
"Mean Weekly Earnings","2017","Co. Kilkenny","Both sexes","Euro","644.6"
"Mean Weekly Earnings","2017","Co. Kilkenny","Male","Euro","721.71"
"Mean Weekly Earnings","2017","Co. Kilkenny","Female","Euro","572.21"
"Mean Weekly Earnings","2017","Co. Kerry","Both sexes","Euro","576.55"
"Mean Weekly Earnings","2017","Co. Kerry","Male","Euro","648.8"
"Mean Weekly Earnings","2017","Co. Kerry","Female","Euro","508.43"
"Mean Weekly Earnings","2017","Co. Longford","Both sexes","Euro","580.72"
"Mean Weekly Earnings","2017","Co. Longford","Male","Euro","626.36"
"Mean Weekly Earnings","2017","Co. Longford","Female","Euro","532.13"
"Mean Weekly Earnings","2017","Co. Louth","Both sexes","Euro","632.64"
"Mean Weekly Earnings","2017","Co. Louth","Male","Euro","712.46"
"Mean Weekly Earnings","2017","Co. Louth","Female","Euro","548.81"
"Mean Weekly Earnings","2017","Co. Limerick","Both sexes","Euro","669.44"
"Mean Weekly Earnings","2017","Co. Limerick","Male","Euro","761.84"
"Mean Weekly Earnings","2017","Co. Limerick","Female","Euro","573.23"
"Mean Weekly Earnings","2017","Co. Leitrim","Both sexes","Euro","589.98"
"Mean Weekly Earnings","2017","Co. Leitrim","Male","Euro","638.58"
"Mean Weekly Earnings","2017","Co. Leitrim","Female","Euro","545.8"
"Mean Weekly Earnings","2017","Co. Laois","Both sexes","Euro","647.37"
"Mean Weekly Earnings","2017","Co. Laois","Male","Euro","724.74"
"Mean Weekly Earnings","2017","Co. Laois","Female","Euro","569.38"
"Mean Weekly Earnings","2017","Co. Meath","Both sexes","Euro","723.77"
"Mean Weekly Earnings","2017","Co. Meath","Male","Euro","839.79"
"Mean Weekly Earnings","2017","Co. Meath","Female","Euro","604.1"
"Mean Weekly Earnings","2017","Co. Monaghan","Both sexes","Euro","557.08"
"Mean Weekly Earnings","2017","Co. Monaghan","Male","Euro","601.37"
"Mean Weekly Earnings","2017","Co. Monaghan","Female","Euro","511.42"
"Mean Weekly Earnings","2017","Co. Mayo","Both sexes","Euro","594.31"
"Mean Weekly Earnings","2017","Co. Mayo","Male","Euro","657.32"
"Mean Weekly Earnings","2017","Co. Mayo","Female","Euro","535.55"
"Mean Weekly Earnings","2017","Co. Offaly","Both sexes","Euro","615.38"
"Mean Weekly Earnings","2017","Co. Offaly","Male","Euro","681.31"
"Mean Weekly Earnings","2017","Co. Offaly","Female","Euro","544.95"
"Mean Weekly Earnings","2017","Co. Roscommon","Both sexes","Euro","617.05"
"Mean Weekly Earnings","2017","Co. Roscommon","Male","Euro","675.66"
"Mean Weekly Earnings","2017","Co. Roscommon","Female","Euro","560.97"
"Mean Weekly Earnings","2017","Co. Sligo","Both sexes","Euro","624.1"
"Mean Weekly Earnings","2017","Co. Sligo","Male","Euro","683.56"
"Mean Weekly Earnings","2017","Co. Sligo","Female","Euro","570.74"
"Mean Weekly Earnings","2017","Co. Tipperary","Both sexes","Euro","617.05"
"Mean Weekly Earnings","2017","Co. Tipperary","Male","Euro","694.64"
"Mean Weekly Earnings","2017","Co. Tipperary","Female","Euro","542.37"
"Mean Weekly Earnings","2017","Co. Waterford","Both sexes","Euro","632.56"
"Mean Weekly Earnings","2017","Co. Waterford","Male","Euro","726.12"
"Mean Weekly Earnings","2017","Co. Waterford","Female","Euro","538.49"
"Mean Weekly Earnings","2017","Co. Wicklow","Both sexes","Euro","722.92"
"Mean Weekly Earnings","2017","Co. Wicklow","Male","Euro","844.78"
"Mean Weekly Earnings","2017","Co. Wicklow","Female","Euro","603.06"
"Mean Weekly Earnings","2017","Co. Westmeath","Both sexes","Euro","642.22"
"Mean Weekly Earnings","2017","Co. Westmeath","Male","Euro","718.24"
"Mean Weekly Earnings","2017","Co. Westmeath","Female","Euro","563.83"
"Mean Weekly Earnings","2017","Co. Wexford","Both sexes","Euro","583.4"
"Mean Weekly Earnings","2017","Co. Wexford","Male","Euro","654.77"
"Mean Weekly Earnings","2017","Co. Wexford","Female","Euro","512.74"
"Mean Weekly Earnings","2017","Ireland","Both sexes","Euro","699.57"
"Mean Weekly Earnings","2017","Ireland","Male","Euro","795"
"Mean Weekly Earnings","2017","Ireland","Female","Euro","603.6"
"Mean Weekly Earnings","2018","Co. Clare","Both sexes","Euro","684.81"
"Mean Weekly Earnings","2018","Co. Clare","Male","Euro","785.92"
"Mean Weekly Earnings","2018","Co. Clare","Female","Euro","589.04"
"Mean Weekly Earnings","2018","Co. Cork","Both sexes","Euro","723.76"
"Mean Weekly Earnings","2018","Co. Cork","Male","Euro","841.14"
"Mean Weekly Earnings","2018","Co. Cork","Female","Euro","605.09"
"Mean Weekly Earnings","2018","Co. Cavan","Both sexes","Euro","617.24"
"Mean Weekly Earnings","2018","Co. Cavan","Male","Euro","685.83"
"Mean Weekly Earnings","2018","Co. Cavan","Female","Euro","546.69"
"Mean Weekly Earnings","2018","Co. Carlow","Both sexes","Euro","617.51"
"Mean Weekly Earnings","2018","Co. Carlow","Male","Euro","690.99"
"Mean Weekly Earnings","2018","Co. Carlow","Female","Euro","538.63"
"Mean Weekly Earnings","2018","Co. Donegal","Both sexes","Euro","547.65"
"Mean Weekly Earnings","2018","Co. Donegal","Male","Euro","594.66"
"Mean Weekly Earnings","2018","Co. Donegal","Female","Euro","503.49"
"Mean Weekly Earnings","2018","Co. Dublin","Both sexes","Euro","826.52"
"Mean Weekly Earnings","2018","Co. Dublin","Male","Euro","941.82"
"Mean Weekly Earnings","2018","Co. Dublin","Female","Euro","707.32"
"Mean Weekly Earnings","2018","Co. Galway","Both sexes","Euro","682.47"
"Mean Weekly Earnings","2018","Co. Galway","Male","Euro","759.25"
"Mean Weekly Earnings","2018","Co. Galway","Female","Euro","609.07"
"Mean Weekly Earnings","2018","Co. Kildare","Both sexes","Euro","774.5"
"Mean Weekly Earnings","2018","Co. Kildare","Male","Euro","896.88"
"Mean Weekly Earnings","2018","Co. Kildare","Female","Euro","645.83"
"Mean Weekly Earnings","2018","Co. Kilkenny","Both sexes","Euro","668.7"
"Mean Weekly Earnings","2018","Co. Kilkenny","Male","Euro","747.91"
"Mean Weekly Earnings","2018","Co. Kilkenny","Female","Euro","594.74"
"Mean Weekly Earnings","2018","Co. Kerry","Both sexes","Euro","592.32"
"Mean Weekly Earnings","2018","Co. Kerry","Male","Euro","666.51"
"Mean Weekly Earnings","2018","Co. Kerry","Female","Euro","522.55"
"Mean Weekly Earnings","2018","Co. Longford","Both sexes","Euro","595.99"
"Mean Weekly Earnings","2018","Co. Longford","Male","Euro","642.47"
"Mean Weekly Earnings","2018","Co. Longford","Female","Euro","545.57"
"Mean Weekly Earnings","2018","Co. Louth","Both sexes","Euro","652.57"
"Mean Weekly Earnings","2018","Co. Louth","Male","Euro","739.31"
"Mean Weekly Earnings","2018","Co. Louth","Female","Euro","562"
"Mean Weekly Earnings","2018","Co. Limerick","Both sexes","Euro","689.12"
"Mean Weekly Earnings","2018","Co. Limerick","Male","Euro","784.6"
"Mean Weekly Earnings","2018","Co. Limerick","Female","Euro","589.52"
"Mean Weekly Earnings","2018","Co. Leitrim","Both sexes","Euro","606.79"
"Mean Weekly Earnings","2018","Co. Leitrim","Male","Euro","655.57"
"Mean Weekly Earnings","2018","Co. Leitrim","Female","Euro","561.62"
"Mean Weekly Earnings","2018","Co. Laois","Both sexes","Euro","670.81"
"Mean Weekly Earnings","2018","Co. Laois","Male","Euro","753.74"
"Mean Weekly Earnings","2018","Co. Laois","Female","Euro","586.83"
"Mean Weekly Earnings","2018","Co. Meath","Both sexes","Euro","745.89"
"Mean Weekly Earnings","2018","Co. Meath","Male","Euro","866.88"
"Mean Weekly Earnings","2018","Co. Meath","Female","Euro","622.33"
"Mean Weekly Earnings","2018","Co. Monaghan","Both sexes","Euro","577.62"
"Mean Weekly Earnings","2018","Co. Monaghan","Male","Euro","623.36"
"Mean Weekly Earnings","2018","Co. Monaghan","Female","Euro","530.02"
"Mean Weekly Earnings","2018","Co. Mayo","Both sexes","Euro","609.26"
"Mean Weekly Earnings","2018","Co. Mayo","Male","Euro","674.72"
"Mean Weekly Earnings","2018","Co. Mayo","Female","Euro","548.59"
"Mean Weekly Earnings","2018","Co. Offaly","Both sexes","Euro","633.79"
"Mean Weekly Earnings","2018","Co. Offaly","Male","Euro","707.45"
"Mean Weekly Earnings","2018","Co. Offaly","Female","Euro","556.03"
"Mean Weekly Earnings","2018","Co. Roscommon","Both sexes","Euro","635.74"
"Mean Weekly Earnings","2018","Co. Roscommon","Male","Euro","696.84"
"Mean Weekly Earnings","2018","Co. Roscommon","Female","Euro","577.87"
"Mean Weekly Earnings","2018","Co. Sligo","Both sexes","Euro","636.9"
"Mean Weekly Earnings","2018","Co. Sligo","Male","Euro","694.6"
"Mean Weekly Earnings","2018","Co. Sligo","Female","Euro","584.91"
"Mean Weekly Earnings","2018","Co. Tipperary","Both sexes","Euro","637"
"Mean Weekly Earnings","2018","Co. Tipperary","Male","Euro","716.3"
"Mean Weekly Earnings","2018","Co. Tipperary","Female","Euro","560.28"
"Mean Weekly Earnings","2018","Co. Waterford","Both sexes","Euro","645.27"
"Mean Weekly Earnings","2018","Co. Waterford","Male","Euro","738.15"
"Mean Weekly Earnings","2018","Co. Waterford","Female","Euro","551.7"
"Mean Weekly Earnings","2018","Co. Wicklow","Both sexes","Euro","745.64"
"Mean Weekly Earnings","2018","Co. Wicklow","Male","Euro","872.04"
"Mean Weekly Earnings","2018","Co. Wicklow","Female","Euro","621.71"
"Mean Weekly Earnings","2018","Co. Westmeath","Both sexes","Euro","659.05"
"Mean Weekly Earnings","2018","Co. Westmeath","Male","Euro","736.65"
"Mean Weekly Earnings","2018","Co. Westmeath","Female","Euro","579.13"
"Mean Weekly Earnings","2018","Co. Wexford","Both sexes","Euro","601.44"
"Mean Weekly Earnings","2018","Co. Wexford","Male","Euro","674.87"
"Mean Weekly Earnings","2018","Co. Wexford","Female","Euro","529.13"
"Mean Weekly Earnings","2018","Ireland","Both sexes","Euro","722.47"
"Mean Weekly Earnings","2018","Ireland","Male","Euro","822.35"
"Mean Weekly Earnings","2018","Ireland","Female","Euro","621.7"
"Mean Weekly Earnings","2019","Co. Clare","Both sexes","Euro","712.52"
"Mean Weekly Earnings","2019","Co. Clare","Male","Euro","818.37"
"Mean Weekly Earnings","2019","Co. Clare","Female","Euro","611.69"
"Mean Weekly Earnings","2019","Co. Cork","Both sexes","Euro","756.22"
"Mean Weekly Earnings","2019","Co. Cork","Male","Euro","880.65"
"Mean Weekly Earnings","2019","Co. Cork","Female","Euro","630.27"
"Mean Weekly Earnings","2019","Co. Cavan","Both sexes","Euro","646.08"
"Mean Weekly Earnings","2019","Co. Cavan","Male","Euro","725.4"
"Mean Weekly Earnings","2019","Co. Cavan","Female","Euro","564.6"
"Mean Weekly Earnings","2019","Co. Carlow","Both sexes","Euro","644.04"
"Mean Weekly Earnings","2019","Co. Carlow","Male","Euro","720.82"
"Mean Weekly Earnings","2019","Co. Carlow","Female","Euro","561.53"
"Mean Weekly Earnings","2019","Co. Donegal","Both sexes","Euro","571.39"
"Mean Weekly Earnings","2019","Co. Donegal","Male","Euro","622.85"
"Mean Weekly Earnings","2019","Co. Donegal","Female","Euro","523.36"
"Mean Weekly Earnings","2019","Co. Dublin","Both sexes","Euro","864.45"
"Mean Weekly Earnings","2019","Co. Dublin","Male","Euro","985.44"
"Mean Weekly Earnings","2019","Co. Dublin","Female","Euro","738.92"
"Mean Weekly Earnings","2019","Co. Galway","Both sexes","Euro","715.38"
"Mean Weekly Earnings","2019","Co. Galway","Male","Euro","797.02"
"Mean Weekly Earnings","2019","Co. Galway","Female","Euro","636.82"
"Mean Weekly Earnings","2019","Co. Kildare","Both sexes","Euro","805.9"
"Mean Weekly Earnings","2019","Co. Kildare","Male","Euro","931.87"
"Mean Weekly Earnings","2019","Co. Kildare","Female","Euro","672.59"
"Mean Weekly Earnings","2019","Co. Kilkenny","Both sexes","Euro","692.44"
"Mean Weekly Earnings","2019","Co. Kilkenny","Male","Euro","777.46"
"Mean Weekly Earnings","2019","Co. Kilkenny","Female","Euro","613.37"
"Mean Weekly Earnings","2019","Co. Kerry","Both sexes","Euro","616.26"
"Mean Weekly Earnings","2019","Co. Kerry","Male","Euro","693.71"
"Mean Weekly Earnings","2019","Co. Kerry","Female","Euro","543.36"
"Mean Weekly Earnings","2019","Co. Longford","Both sexes","Euro","620.57"
"Mean Weekly Earnings","2019","Co. Longford","Male","Euro","674.82"
"Mean Weekly Earnings","2019","Co. Longford","Female","Euro","563.76"
"Mean Weekly Earnings","2019","Co. Louth","Both sexes","Euro","679.05"
"Mean Weekly Earnings","2019","Co. Louth","Male","Euro","766.4"
"Mean Weekly Earnings","2019","Co. Louth","Female","Euro","587.37"
"Mean Weekly Earnings","2019","Co. Limerick","Both sexes","Euro","722.22"
"Mean Weekly Earnings","2019","Co. Limerick","Male","Euro","820.49"
"Mean Weekly Earnings","2019","Co. Limerick","Female","Euro","620.06"
"Mean Weekly Earnings","2019","Co. Leitrim","Both sexes","Euro","636.6"
"Mean Weekly Earnings","2019","Co. Leitrim","Male","Euro","688.74"
"Mean Weekly Earnings","2019","Co. Leitrim","Female","Euro","587.93"
"Mean Weekly Earnings","2019","Co. Laois","Both sexes","Euro","697.27"
"Mean Weekly Earnings","2019","Co. Laois","Male","Euro","784.48"
"Mean Weekly Earnings","2019","Co. Laois","Female","Euro","608.65"
"Mean Weekly Earnings","2019","Co. Meath","Both sexes","Euro","778.48"
"Mean Weekly Earnings","2019","Co. Meath","Male","Euro","905.37"
"Mean Weekly Earnings","2019","Co. Meath","Female","Euro","648.44"
"Mean Weekly Earnings","2019","Co. Monaghan","Both sexes","Euro","604.46"
"Mean Weekly Earnings","2019","Co. Monaghan","Male","Euro","653.25"
"Mean Weekly Earnings","2019","Co. Monaghan","Female","Euro","553.96"
"Mean Weekly Earnings","2019","Co. Mayo","Both sexes","Euro","640.14"
"Mean Weekly Earnings","2019","Co. Mayo","Male","Euro","710.69"
"Mean Weekly Earnings","2019","Co. Mayo","Female","Euro","573.61"
"Mean Weekly Earnings","2019","Co. Offaly","Both sexes","Euro","662.69"
"Mean Weekly Earnings","2019","Co. Offaly","Male","Euro","742.97"
"Mean Weekly Earnings","2019","Co. Offaly","Female","Euro","578.04"
"Mean Weekly Earnings","2019","Co. Roscommon","Both sexes","Euro","661.51"
"Mean Weekly Earnings","2019","Co. Roscommon","Male","Euro","729.04"
"Mean Weekly Earnings","2019","Co. Roscommon","Female","Euro","596.51"
"Mean Weekly Earnings","2019","Co. Sligo","Both sexes","Euro","668.55"
"Mean Weekly Earnings","2019","Co. Sligo","Male","Euro","729.16"
"Mean Weekly Earnings","2019","Co. Sligo","Female","Euro","613.32"
"Mean Weekly Earnings","2019","Co. Tipperary","Both sexes","Euro","662.06"
"Mean Weekly Earnings","2019","Co. Tipperary","Male","Euro","744.16"
"Mean Weekly Earnings","2019","Co. Tipperary","Female","Euro","582.49"
"Mean Weekly Earnings","2019","Co. Waterford","Both sexes","Euro","673.01"
"Mean Weekly Earnings","2019","Co. Waterford","Male","Euro","768.24"
"Mean Weekly Earnings","2019","Co. Waterford","Female","Euro","577.36"
"Mean Weekly Earnings","2019","Co. Wicklow","Both sexes","Euro","776.95"
"Mean Weekly Earnings","2019","Co. Wicklow","Male","Euro","907.44"
"Mean Weekly Earnings","2019","Co. Wicklow","Female","Euro","648.82"
"Mean Weekly Earnings","2019","Co. Westmeath","Both sexes","Euro","688.24"
"Mean Weekly Earnings","2019","Co. Westmeath","Male","Euro","772.12"
"Mean Weekly Earnings","2019","Co. Westmeath","Female","Euro","601.97"
"Mean Weekly Earnings","2019","Co. Wexford","Both sexes","Euro","625.52"
"Mean Weekly Earnings","2019","Co. Wexford","Male","Euro","703.16"
"Mean Weekly Earnings","2019","Co. Wexford","Female","Euro","549.08"
"Mean Weekly Earnings","2019","Ireland","Both sexes","Euro","753.58"
"Mean Weekly Earnings","2019","Ireland","Male","Euro","858.25"
"Mean Weekly Earnings","2019","Ireland","Female","Euro","647.5"
"Mean Weekly Earnings","2020","Co. Clare","Both sexes","Euro","755.02"
"Mean Weekly Earnings","2020","Co. Clare","Male","Euro","853.08"
"Mean Weekly Earnings","2020","Co. Clare","Female","Euro","661.19"
"Mean Weekly Earnings","2020","Co. Cork","Both sexes","Euro","800.67"
"Mean Weekly Earnings","2020","Co. Cork","Male","Euro","923.16"
"Mean Weekly Earnings","2020","Co. Cork","Female","Euro","674.61"
"Mean Weekly Earnings","2020","Co. Cavan","Both sexes","Euro","680.69"
"Mean Weekly Earnings","2020","Co. Cavan","Male","Euro","750.99"
"Mean Weekly Earnings","2020","Co. Cavan","Female","Euro","607.3"
"Mean Weekly Earnings","2020","Co. Carlow","Both sexes","Euro","671.28"
"Mean Weekly Earnings","2020","Co. Carlow","Male","Euro","740.76"
"Mean Weekly Earnings","2020","Co. Carlow","Female","Euro","595.53"
"Mean Weekly Earnings","2020","Co. Donegal","Both sexes","Euro","615.58"
"Mean Weekly Earnings","2020","Co. Donegal","Male","Euro","662.98"
"Mean Weekly Earnings","2020","Co. Donegal","Female","Euro","570.6"
"Mean Weekly Earnings","2020","Co. Dublin","Both sexes","Euro","937.3"
"Mean Weekly Earnings","2020","Co. Dublin","Male","Euro","1060.67"
"Mean Weekly Earnings","2020","Co. Dublin","Female","Euro","807.91"
"Mean Weekly Earnings","2020","Co. Galway","Both sexes","Euro","747.74"
"Mean Weekly Earnings","2020","Co. Galway","Male","Euro","822.08"
"Mean Weekly Earnings","2020","Co. Galway","Female","Euro","676.2"
"Mean Weekly Earnings","2020","Co. Kildare","Both sexes","Euro","849.13"
"Mean Weekly Earnings","2020","Co. Kildare","Male","Euro","968.67"
"Mean Weekly Earnings","2020","Co. Kildare","Female","Euro","719.63"
"Mean Weekly Earnings","2020","Co. Kilkenny","Both sexes","Euro","732.66"
"Mean Weekly Earnings","2020","Co. Kilkenny","Male","Euro","808.87"
"Mean Weekly Earnings","2020","Co. Kilkenny","Female","Euro","659.66"
"Mean Weekly Earnings","2020","Co. Kerry","Both sexes","Euro","654.12"
"Mean Weekly Earnings","2020","Co. Kerry","Male","Euro","728.19"
"Mean Weekly Earnings","2020","Co. Kerry","Female","Euro","583.34"
"Mean Weekly Earnings","2020","Co. Longford","Both sexes","Euro","643.95"
"Mean Weekly Earnings","2020","Co. Longford","Male","Euro","696.35"
"Mean Weekly Earnings","2020","Co. Longford","Female","Euro","589.68"
"Mean Weekly Earnings","2020","Co. Louth","Both sexes","Euro","707.01"
"Mean Weekly Earnings","2020","Co. Louth","Male","Euro","790.15"
"Mean Weekly Earnings","2020","Co. Louth","Female","Euro","619.12"
"Mean Weekly Earnings","2020","Co. Limerick","Both sexes","Euro","757.01"
"Mean Weekly Earnings","2020","Co. Limerick","Male","Euro","850.93"
"Mean Weekly Earnings","2020","Co. Limerick","Female","Euro","658.24"
"Mean Weekly Earnings","2020","Co. Leitrim","Both sexes","Euro","674.09"
"Mean Weekly Earnings","2020","Co. Leitrim","Male","Euro","724.23"
"Mean Weekly Earnings","2020","Co. Leitrim","Female","Euro","627.48"
"Mean Weekly Earnings","2020","Co. Laois","Both sexes","Euro","731.25"
"Mean Weekly Earnings","2020","Co. Laois","Male","Euro","818.11"
"Mean Weekly Earnings","2020","Co. Laois","Female","Euro","642.6"
"Mean Weekly Earnings","2020","Co. Meath","Both sexes","Euro","812.64"
"Mean Weekly Earnings","2020","Co. Meath","Male","Euro","929.02"
"Mean Weekly Earnings","2020","Co. Meath","Female","Euro","691.06"
"Mean Weekly Earnings","2020","Co. Monaghan","Both sexes","Euro","632.97"
"Mean Weekly Earnings","2020","Co. Monaghan","Male","Euro","675.55"
"Mean Weekly Earnings","2020","Co. Monaghan","Female","Euro","588.45"
"Mean Weekly Earnings","2020","Co. Mayo","Both sexes","Euro","673.51"
"Mean Weekly Earnings","2020","Co. Mayo","Male","Euro","740.65"
"Mean Weekly Earnings","2020","Co. Mayo","Female","Euro","609.66"
"Mean Weekly Earnings","2020","Co. Offaly","Both sexes","Euro","699.55"
"Mean Weekly Earnings","2020","Co. Offaly","Male","Euro","771.55"
"Mean Weekly Earnings","2020","Co. Offaly","Female","Euro","622.87"
"Mean Weekly Earnings","2020","Co. Roscommon","Both sexes","Euro","700.9"
"Mean Weekly Earnings","2020","Co. Roscommon","Male","Euro","760.99"
"Mean Weekly Earnings","2020","Co. Roscommon","Female","Euro","643.14"
"Mean Weekly Earnings","2020","Co. Sligo","Both sexes","Euro","705.48"
"Mean Weekly Earnings","2020","Co. Sligo","Male","Euro","757.46"
"Mean Weekly Earnings","2020","Co. Sligo","Female","Euro","657.52"
"Mean Weekly Earnings","2020","Co. Tipperary","Both sexes","Euro","694.57"
"Mean Weekly Earnings","2020","Co. Tipperary","Male","Euro","770.3"
"Mean Weekly Earnings","2020","Co. Tipperary","Female","Euro","620.16"
"Mean Weekly Earnings","2020","Co. Waterford","Both sexes","Euro","710.26"
"Mean Weekly Earnings","2020","Co. Waterford","Male","Euro","802.99"
"Mean Weekly Earnings","2020","Co. Waterford","Female","Euro","616.33"
"Mean Weekly Earnings","2020","Co. Wicklow","Both sexes","Euro","827.23"
"Mean Weekly Earnings","2020","Co. Wicklow","Male","Euro","957.71"
"Mean Weekly Earnings","2020","Co. Wicklow","Female","Euro","696.25"
"Mean Weekly Earnings","2020","Co. Westmeath","Both sexes","Euro","721.84"
"Mean Weekly Earnings","2020","Co. Westmeath","Male","Euro","802.49"
"Mean Weekly Earnings","2020","Co. Westmeath","Female","Euro","638.61"
"Mean Weekly Earnings","2020","Co. Wexford","Both sexes","Euro","649.62"
"Mean Weekly Earnings","2020","Co. Wexford","Male","Euro","717.66"
"Mean Weekly Earnings","2020","Co. Wexford","Female","Euro","581.72"
"Mean Weekly Earnings","2020","Ireland","Both sexes","Euro","801.41"
"Mean Weekly Earnings","2020","Ireland","Male","Euro","903.33"
"Mean Weekly Earnings","2020","Ireland","Female","Euro","696.91"
"Mean Weekly Earnings","2021","Co. Clare","Both sexes","Euro","769.64"
"Mean Weekly Earnings","2021","Co. Clare","Male","Euro","866.02"
"Mean Weekly Earnings","2021","Co. Clare","Female","Euro","678.06"
"Mean Weekly Earnings","2021","Co. Cork","Both sexes","Euro","822.58"
"Mean Weekly Earnings","2021","Co. Cork","Male","Euro","950.76"
"Mean Weekly Earnings","2021","Co. Cork","Female","Euro","692.02"
"Mean Weekly Earnings","2021","Co. Cavan","Both sexes","Euro","700.51"
"Mean Weekly Earnings","2021","Co. Cavan","Male","Euro","778.11"
"Mean Weekly Earnings","2021","Co. Cavan","Female","Euro","621.27"
"Mean Weekly Earnings","2021","Co. Carlow","Both sexes","Euro","689.64"
"Mean Weekly Earnings","2021","Co. Carlow","Male","Euro","770.27"
"Mean Weekly Earnings","2021","Co. Carlow","Female","Euro","603.05"
"Mean Weekly Earnings","2021","Co. Donegal","Both sexes","Euro","623.56"
"Mean Weekly Earnings","2021","Co. Donegal","Male","Euro","676.54"
"Mean Weekly Earnings","2021","Co. Donegal","Female","Euro","574.2"
"Mean Weekly Earnings","2021","Co. Dublin","Both sexes","Euro","958.15"
"Mean Weekly Earnings","2021","Co. Dublin","Male","Euro","1086.08"
"Mean Weekly Earnings","2021","Co. Dublin","Female","Euro","824.87"
"Mean Weekly Earnings","2021","Co. Galway","Both sexes","Euro","769.17"
"Mean Weekly Earnings","2021","Co. Galway","Male","Euro","847.98"
"Mean Weekly Earnings","2021","Co. Galway","Female","Euro","693.72"
"Mean Weekly Earnings","2021","Co. Kildare","Both sexes","Euro","870.97"
"Mean Weekly Earnings","2021","Co. Kildare","Male","Euro","1000.06"
"Mean Weekly Earnings","2021","Co. Kildare","Female","Euro","733.68"
"Mean Weekly Earnings","2021","Co. Kilkenny","Both sexes","Euro","752.71"
"Mean Weekly Earnings","2021","Co. Kilkenny","Male","Euro","837.12"
"Mean Weekly Earnings","2021","Co. Kilkenny","Female","Euro","672.85"
"Mean Weekly Earnings","2021","Co. Kerry","Both sexes","Euro","670.14"
"Mean Weekly Earnings","2021","Co. Kerry","Male","Euro","745.76"
"Mean Weekly Earnings","2021","Co. Kerry","Female","Euro","598.14"
"Mean Weekly Earnings","2021","Co. Longford","Both sexes","Euro","666.89"
"Mean Weekly Earnings","2021","Co. Longford","Male","Euro","721.75"
"Mean Weekly Earnings","2021","Co. Longford","Female","Euro","609.9"
"Mean Weekly Earnings","2021","Co. Louth","Both sexes","Euro","725.43"
"Mean Weekly Earnings","2021","Co. Louth","Male","Euro","813.76"
"Mean Weekly Earnings","2021","Co. Louth","Female","Euro","633.52"
"Mean Weekly Earnings","2021","Co. Limerick","Both sexes","Euro","774.33"
"Mean Weekly Earnings","2021","Co. Limerick","Male","Euro","872.05"
"Mean Weekly Earnings","2021","Co. Limerick","Female","Euro","672.87"
"Mean Weekly Earnings","2021","Co. Leitrim","Both sexes","Euro","687.6"
"Mean Weekly Earnings","2021","Co. Leitrim","Male","Euro","741.52"
"Mean Weekly Earnings","2021","Co. Leitrim","Female","Euro","638.23"
"Mean Weekly Earnings","2021","Co. Laois","Both sexes","Euro","749.56"
"Mean Weekly Earnings","2021","Co. Laois","Male","Euro","838.77"
"Mean Weekly Earnings","2021","Co. Laois","Female","Euro","658.89"
"Mean Weekly Earnings","2021","Co. Meath","Both sexes","Euro","835.4"
"Mean Weekly Earnings","2021","Co. Meath","Male","Euro","960.66"
"Mean Weekly Earnings","2021","Co. Meath","Female","Euro","706.93"
"Mean Weekly Earnings","2021","Co. Monaghan","Both sexes","Euro","651.38"
"Mean Weekly Earnings","2021","Co. Monaghan","Male","Euro","703.19"
"Mean Weekly Earnings","2021","Co. Monaghan","Female","Euro","597.39"
"Mean Weekly Earnings","2021","Co. Mayo","Both sexes","Euro","688.83"
"Mean Weekly Earnings","2021","Co. Mayo","Male","Euro","757.78"
"Mean Weekly Earnings","2021","Co. Mayo","Female","Euro","623.62"
"Mean Weekly Earnings","2021","Co. Offaly","Both sexes","Euro","711.47"
"Mean Weekly Earnings","2021","Co. Offaly","Male","Euro","788.31"
"Mean Weekly Earnings","2021","Co. Offaly","Female","Euro","631.74"
"Mean Weekly Earnings","2021","Co. Roscommon","Both sexes","Euro","719.04"
"Mean Weekly Earnings","2021","Co. Roscommon","Male","Euro","782.41"
"Mean Weekly Earnings","2021","Co. Roscommon","Female","Euro","658.87"
"Mean Weekly Earnings","2021","Co. Sligo","Both sexes","Euro","718.79"
"Mean Weekly Earnings","2021","Co. Sligo","Male","Euro","778.61"
"Mean Weekly Earnings","2021","Co. Sligo","Female","Euro","664.45"
"Mean Weekly Earnings","2021","Co. Tipperary","Both sexes","Euro","710.84"
"Mean Weekly Earnings","2021","Co. Tipperary","Male","Euro","791.86"
"Mean Weekly Earnings","2021","Co. Tipperary","Female","Euro","631.69"
"Mean Weekly Earnings","2021","Co. Waterford","Both sexes","Euro","724.68"
"Mean Weekly Earnings","2021","Co. Waterford","Male","Euro","822.17"
"Mean Weekly Earnings","2021","Co. Waterford","Female","Euro","627.07"
"Mean Weekly Earnings","2021","Co. Wicklow","Both sexes","Euro","850.58"
"Mean Weekly Earnings","2021","Co. Wicklow","Male","Euro","987.04"
"Mean Weekly Earnings","2021","Co. Wicklow","Female","Euro","715.34"
"Mean Weekly Earnings","2021","Co. Westmeath","Both sexes","Euro","740.22"
"Mean Weekly Earnings","2021","Co. Westmeath","Male","Euro","828.44"
"Mean Weekly Earnings","2021","Co. Westmeath","Female","Euro","650.61"
"Mean Weekly Earnings","2021","Co. Wexford","Both sexes","Euro","671.27"
"Mean Weekly Earnings","2021","Co. Wexford","Male","Euro","747.06"
"Mean Weekly Earnings","2021","Co. Wexford","Female","Euro","596.66"
"Mean Weekly Earnings","2021","Ireland","Both sexes","Euro","820.95"
"Mean Weekly Earnings","2021","Ireland","Male","Euro","928.07"
"Mean Weekly Earnings","2021","Ireland","Female","Euro","712.1"
"Mean Weekly Earnings","2022","Co. Clare","Both sexes","Euro","798.16"
"Mean Weekly Earnings","2022","Co. Clare","Male","Euro","903.9"
"Mean Weekly Earnings","2022","Co. Clare","Female","Euro","698.1"
"Mean Weekly Earnings","2022","Co. Cork","Both sexes","Euro","866.79"
"Mean Weekly Earnings","2022","Co. Cork","Male","Euro","1005.63"
"Mean Weekly Earnings","2022","Co. Cork","Female","Euro","726.94"
"Mean Weekly Earnings","2022","Co. Cavan","Both sexes","Euro","727.56"
"Mean Weekly Earnings","2022","Co. Cavan","Male","Euro","814.28"
"Mean Weekly Earnings","2022","Co. Cavan","Female","Euro","641.69"
"Mean Weekly Earnings","2022","Co. Carlow","Both sexes","Euro","735.62"
"Mean Weekly Earnings","2022","Co. Carlow","Male","Euro","825.81"
"Mean Weekly Earnings","2022","Co. Carlow","Female","Euro","641.17"
"Mean Weekly Earnings","2022","Co. Donegal","Both sexes","Euro","649.91"
"Mean Weekly Earnings","2022","Co. Donegal","Male","Euro","705.83"
"Mean Weekly Earnings","2022","Co. Donegal","Female","Euro","598.35"
"Mean Weekly Earnings","2022","Co. Dublin","Both sexes","Euro","1013.76"
"Mean Weekly Earnings","2022","Co. Dublin","Male","Euro","1152.86"
"Mean Weekly Earnings","2022","Co. Dublin","Female","Euro","871.38"
"Mean Weekly Earnings","2022","Co. Galway","Both sexes","Euro","810.07"
"Mean Weekly Earnings","2022","Co. Galway","Male","Euro","897.88"
"Mean Weekly Earnings","2022","Co. Galway","Female","Euro","726.75"
"Mean Weekly Earnings","2022","Co. Kildare","Both sexes","Euro","923.41"
"Mean Weekly Earnings","2022","Co. Kildare","Male","Euro","1065.1"
"Mean Weekly Earnings","2022","Co. Kildare","Female","Euro","775.37"
"Mean Weekly Earnings","2022","Co. Kilkenny","Both sexes","Euro","775.95"
"Mean Weekly Earnings","2022","Co. Kilkenny","Male","Euro","867.12"
"Mean Weekly Earnings","2022","Co. Kilkenny","Female","Euro","690.48"
"Mean Weekly Earnings","2022","Co. Kerry","Both sexes","Euro","700.31"
"Mean Weekly Earnings","2022","Co. Kerry","Male","Euro","780.03"
"Mean Weekly Earnings","2022","Co. Kerry","Female","Euro","625.58"
"Mean Weekly Earnings","2022","Co. Longford","Both sexes","Euro","697.84"
"Mean Weekly Earnings","2022","Co. Longford","Male","Euro","762.81"
"Mean Weekly Earnings","2022","Co. Longford","Female","Euro","632.77"
"Mean Weekly Earnings","2022","Co. Louth","Both sexes","Euro","769.31"
"Mean Weekly Earnings","2022","Co. Louth","Male","Euro","864.08"
"Mean Weekly Earnings","2022","Co. Louth","Female","Euro","671.96"
"Mean Weekly Earnings","2022","Co. Limerick","Both sexes","Euro","824.79"
"Mean Weekly Earnings","2022","Co. Limerick","Male","Euro","930.82"
"Mean Weekly Earnings","2022","Co. Limerick","Female","Euro","716.26"
"Mean Weekly Earnings","2022","Co. Leitrim","Both sexes","Euro","717.15"
"Mean Weekly Earnings","2022","Co. Leitrim","Male","Euro","770.69"
"Mean Weekly Earnings","2022","Co. Leitrim","Female","Euro","668.84"
"Mean Weekly Earnings","2022","Co. Laois","Both sexes","Euro","777.65"
"Mean Weekly Earnings","2022","Co. Laois","Male","Euro","877.91"
"Mean Weekly Earnings","2022","Co. Laois","Female","Euro","677.45"
"Mean Weekly Earnings","2022","Co. Meath","Both sexes","Euro","878.9"
"Mean Weekly Earnings","2022","Co. Meath","Male","Euro","1016.17"
"Mean Weekly Earnings","2022","Co. Meath","Female","Euro","738.41"
"Mean Weekly Earnings","2022","Co. Monaghan","Both sexes","Euro","676.44"
"Mean Weekly Earnings","2022","Co. Monaghan","Male","Euro","734.83"
"Mean Weekly Earnings","2022","Co. Monaghan","Female","Euro","616.49"
"Mean Weekly Earnings","2022","Co. Mayo","Both sexes","Euro","720.85"
"Mean Weekly Earnings","2022","Co. Mayo","Male","Euro","797.9"
"Mean Weekly Earnings","2022","Co. Mayo","Female","Euro","649.69"
"Mean Weekly Earnings","2022","Co. Offaly","Both sexes","Euro","741.78"
"Mean Weekly Earnings","2022","Co. Offaly","Male","Euro","829.91"
"Mean Weekly Earnings","2022","Co. Offaly","Female","Euro","652.06"
"Mean Weekly Earnings","2022","Co. Roscommon","Both sexes","Euro","744.86"
"Mean Weekly Earnings","2022","Co. Roscommon","Male","Euro","811.84"
"Mean Weekly Earnings","2022","Co. Roscommon","Female","Euro","680.82"
"Mean Weekly Earnings","2022","Co. Sligo","Both sexes","Euro","754.95"
"Mean Weekly Earnings","2022","Co. Sligo","Male","Euro","818.94"
"Mean Weekly Earnings","2022","Co. Sligo","Female","Euro","697.16"
"Mean Weekly Earnings","2022","Co. Tipperary","Both sexes","Euro","745.96"
"Mean Weekly Earnings","2022","Co. Tipperary","Male","Euro","836.46"
"Mean Weekly Earnings","2022","Co. Tipperary","Female","Euro","658.65"
"Mean Weekly Earnings","2022","Co. Waterford","Both sexes","Euro","768.69"
"Mean Weekly Earnings","2022","Co. Waterford","Male","Euro","875.62"
"Mean Weekly Earnings","2022","Co. Waterford","Female","Euro","662.26"
"Mean Weekly Earnings","2022","Co. Wicklow","Both sexes","Euro","914.99"
"Mean Weekly Earnings","2022","Co. Wicklow","Male","Euro","1069.69"
"Mean Weekly Earnings","2022","Co. Wicklow","Female","Euro","762.62"
"Mean Weekly Earnings","2022","Co. Westmeath","Both sexes","Euro","782.6"
"Mean Weekly Earnings","2022","Co. Westmeath","Male","Euro","876.52"
"Mean Weekly Earnings","2022","Co. Westmeath","Female","Euro","688.97"
"Mean Weekly Earnings","2022","Co. Wexford","Both sexes","Euro","708.97"
"Mean Weekly Earnings","2022","Co. Wexford","Male","Euro","792.86"
"Mean Weekly Earnings","2022","Co. Wexford","Female","Euro","627"
"Mean Weekly Earnings","2022","Ireland","Both sexes","Euro","856.21"
"Mean Weekly Earnings","2022","Ireland","Male","Euro","969.67"
"Mean Weekly Earnings","2022","Ireland","Female","Euro","741.5"
"Mean Weekly Earnings","2023","Co. Clare","Both sexes","Euro","834.04"
"Mean Weekly Earnings","2023","Co. Clare","Male","Euro","947.09"
"Mean Weekly Earnings","2023","Co. Clare","Female","Euro","726.87"
"Mean Weekly Earnings","2023","Co. Cork","Both sexes","Euro","906.77"
"Mean Weekly Earnings","2023","Co. Cork","Male","Euro","1051.85"
"Mean Weekly Earnings","2023","Co. Cork","Female","Euro","762.37"
"Mean Weekly Earnings","2023","Co. Cavan","Both sexes","Euro","761.7"
"Mean Weekly Earnings","2023","Co. Cavan","Male","Euro","847.24"
"Mean Weekly Earnings","2023","Co. Cavan","Female","Euro","675.57"
"Mean Weekly Earnings","2023","Co. Carlow","Both sexes","Euro","764.44"
"Mean Weekly Earnings","2023","Co. Carlow","Male","Euro","853.47"
"Mean Weekly Earnings","2023","Co. Carlow","Female","Euro","670.52"
"Mean Weekly Earnings","2023","Co. Donegal","Both sexes","Euro","678.63"
"Mean Weekly Earnings","2023","Co. Donegal","Male","Euro","736.3"
"Mean Weekly Earnings","2023","Co. Donegal","Female","Euro","625.99"
"Mean Weekly Earnings","2023","Co. Dublin","Both sexes","Euro","1063.96"
"Mean Weekly Earnings","2023","Co. Dublin","Male","Euro","1207.18"
"Mean Weekly Earnings","2023","Co. Dublin","Female","Euro","919.67"
"Mean Weekly Earnings","2023","Co. Galway","Both sexes","Euro","845.81"
"Mean Weekly Earnings","2023","Co. Galway","Male","Euro","939.86"
"Mean Weekly Earnings","2023","Co. Galway","Female","Euro","756.85"
"Mean Weekly Earnings","2023","Co. Kildare","Both sexes","Euro","964.28"
"Mean Weekly Earnings","2023","Co. Kildare","Male","Euro","1111.21"
"Mean Weekly Earnings","2023","Co. Kildare","Female","Euro","812.22"
"Mean Weekly Earnings","2023","Co. Kilkenny","Both sexes","Euro","820.56"
"Mean Weekly Earnings","2023","Co. Kilkenny","Male","Euro","919.7"
"Mean Weekly Earnings","2023","Co. Kilkenny","Female","Euro","726.94"
"Mean Weekly Earnings","2023","Co. Kerry","Both sexes","Euro","729.23"
"Mean Weekly Earnings","2023","Co. Kerry","Male","Euro","815.24"
"Mean Weekly Earnings","2023","Co. Kerry","Female","Euro","649.07"
"Mean Weekly Earnings","2023","Co. Longford","Both sexes","Euro","740.67"
"Mean Weekly Earnings","2023","Co. Longford","Male","Euro","809"
"Mean Weekly Earnings","2023","Co. Longford","Female","Euro","672.5"
"Mean Weekly Earnings","2023","Co. Louth","Both sexes","Euro","804.16"
"Mean Weekly Earnings","2023","Co. Louth","Male","Euro","901.56"
"Mean Weekly Earnings","2023","Co. Louth","Female","Euro","704.51"
"Mean Weekly Earnings","2023","Co. Limerick","Both sexes","Euro","859.84"
"Mean Weekly Earnings","2023","Co. Limerick","Male","Euro","971.03"
"Mean Weekly Earnings","2023","Co. Limerick","Female","Euro","746.05"
"Mean Weekly Earnings","2023","Co. Leitrim","Both sexes","Euro","746.71"
"Mean Weekly Earnings","2023","Co. Leitrim","Male","Euro","808.77"
"Mean Weekly Earnings","2023","Co. Leitrim","Female","Euro","691.67"
"Mean Weekly Earnings","2023","Co. Laois","Both sexes","Euro","813.16"
"Mean Weekly Earnings","2023","Co. Laois","Male","Euro","916.7"
"Mean Weekly Earnings","2023","Co. Laois","Female","Euro","710.46"
"Mean Weekly Earnings","2023","Co. Meath","Both sexes","Euro","915.45"
"Mean Weekly Earnings","2023","Co. Meath","Male","Euro","1052.89"
"Mean Weekly Earnings","2023","Co. Meath","Female","Euro","775.8"
"Mean Weekly Earnings","2023","Co. Monaghan","Both sexes","Euro","708.14"
"Mean Weekly Earnings","2023","Co. Monaghan","Male","Euro","767.35"
"Mean Weekly Earnings","2023","Co. Monaghan","Female","Euro","648.06"
"Mean Weekly Earnings","2023","Co. Mayo","Both sexes","Euro","756.9"
"Mean Weekly Earnings","2023","Co. Mayo","Male","Euro","841.56"
"Mean Weekly Earnings","2023","Co. Mayo","Female","Euro","678.72"
"Mean Weekly Earnings","2023","Co. Offaly","Both sexes","Euro","776.94"
"Mean Weekly Earnings","2023","Co. Offaly","Male","Euro","866.26"
"Mean Weekly Earnings","2023","Co. Offaly","Female","Euro","686.6"
"Mean Weekly Earnings","2023","Co. Roscommon","Both sexes","Euro","776.45"
"Mean Weekly Earnings","2023","Co. Roscommon","Male","Euro","848.58"
"Mean Weekly Earnings","2023","Co. Roscommon","Female","Euro","707.38"
"Mean Weekly Earnings","2023","Co. Sligo","Both sexes","Euro","788.29"
"Mean Weekly Earnings","2023","Co. Sligo","Male","Euro","853.9"
"Mean Weekly Earnings","2023","Co. Sligo","Female","Euro","729.07"
"Mean Weekly Earnings","2023","Co. Tipperary","Both sexes","Euro","784.46"
"Mean Weekly Earnings","2023","Co. Tipperary","Male","Euro","879.52"
"Mean Weekly Earnings","2023","Co. Tipperary","Female","Euro","692.85"
"Mean Weekly Earnings","2023","Co. Waterford","Both sexes","Euro","808.4"
"Mean Weekly Earnings","2023","Co. Waterford","Male","Euro","916.8"
"Mean Weekly Earnings","2023","Co. Waterford","Female","Euro","701.31"
"Mean Weekly Earnings","2023","Co. Wicklow","Both sexes","Euro","959.97"
"Mean Weekly Earnings","2023","Co. Wicklow","Male","Euro","1119.63"
"Mean Weekly Earnings","2023","Co. Wicklow","Female","Euro","804.02"
"Mean Weekly Earnings","2023","Co. Westmeath","Both sexes","Euro","819.45"
"Mean Weekly Earnings","2023","Co. Westmeath","Male","Euro","919.68"
"Mean Weekly Earnings","2023","Co. Westmeath","Female","Euro","719.49"
"Mean Weekly Earnings","2023","Co. Wexford","Both sexes","Euro","747.07"
"Mean Weekly Earnings","2023","Co. Wexford","Male","Euro","837.04"
"Mean Weekly Earnings","2023","Co. Wexford","Female","Euro","659.32"
"Mean Weekly Earnings","2023","Ireland","Both sexes","Euro","895.51"
"Mean Weekly Earnings","2023","Ireland","Male","Euro","1011.16"
"Mean Weekly Earnings","2023","Ireland","Female","Euro","779.12"
"Mean Weekly Earnings","2024","Co. Clare","Both sexes","Euro","879.04"
"Mean Weekly Earnings","2024","Co. Clare","Male","Euro","992.71"
"Mean Weekly Earnings","2024","Co. Clare","Female","Euro","770.57"
"Mean Weekly Earnings","2024","Co. Cork","Both sexes","Euro","961.45"
"Mean Weekly Earnings","2024","Co. Cork","Male","Euro","1111.56"
"Mean Weekly Earnings","2024","Co. Cork","Female","Euro","811.87"
"Mean Weekly Earnings","2024","Co. Cavan","Both sexes","Euro","804.18"
"Mean Weekly Earnings","2024","Co. Cavan","Male","Euro","896.5"
"Mean Weekly Earnings","2024","Co. Cavan","Female","Euro","712.05"
"Mean Weekly Earnings","2024","Co. Carlow","Both sexes","Euro","807.08"
"Mean Weekly Earnings","2024","Co. Carlow","Male","Euro","897.92"
"Mean Weekly Earnings","2024","Co. Carlow","Female","Euro","712.25"
"Mean Weekly Earnings","2024","Co. Donegal","Both sexes","Euro","724.96"
"Mean Weekly Earnings","2024","Co. Donegal","Male","Euro","787.87"
"Mean Weekly Earnings","2024","Co. Donegal","Female","Euro","667.43"
"Mean Weekly Earnings","2024","Co. Dublin","Both sexes","Euro","1119.48"
"Mean Weekly Earnings","2024","Co. Dublin","Male","Euro","1268.01"
"Mean Weekly Earnings","2024","Co. Dublin","Female","Euro","968.53"
"Mean Weekly Earnings","2024","Co. Galway","Both sexes","Euro","905.97"
"Mean Weekly Earnings","2024","Co. Galway","Male","Euro","1002.13"
"Mean Weekly Earnings","2024","Co. Galway","Female","Euro","814.97"
"Mean Weekly Earnings","2024","Co. Kildare","Both sexes","Euro","1021.74"
"Mean Weekly Earnings","2024","Co. Kildare","Male","Euro","1178.27"
"Mean Weekly Earnings","2024","Co. Kildare","Female","Euro","858.65"
"Mean Weekly Earnings","2024","Co. Kilkenny","Both sexes","Euro","860.67"
"Mean Weekly Earnings","2024","Co. Kilkenny","Male","Euro","956.95"
"Mean Weekly Earnings","2024","Co. Kilkenny","Female","Euro","769.15"
"Mean Weekly Earnings","2024","Co. Kerry","Both sexes","Euro","769.81"
"Mean Weekly Earnings","2024","Co. Kerry","Male","Euro","858.87"
"Mean Weekly Earnings","2024","Co. Kerry","Female","Euro","686.57"
"Mean Weekly Earnings","2024","Co. Longford","Both sexes","Euro","775.31"
"Mean Weekly Earnings","2024","Co. Longford","Male","Euro","843.1"
"Mean Weekly Earnings","2024","Co. Longford","Female","Euro","707.48"
"Mean Weekly Earnings","2024","Co. Louth","Both sexes","Euro","845.93"
"Mean Weekly Earnings","2024","Co. Louth","Male","Euro","946.5"
"Mean Weekly Earnings","2024","Co. Louth","Female","Euro","742.52"
"Mean Weekly Earnings","2024","Co. Limerick","Both sexes","Euro","914.06"
"Mean Weekly Earnings","2024","Co. Limerick","Male","Euro","1027.23"
"Mean Weekly Earnings","2024","Co. Limerick","Female","Euro","797.14"
"Mean Weekly Earnings","2024","Co. Leitrim","Both sexes","Euro","789.27"
"Mean Weekly Earnings","2024","Co. Leitrim","Male","Euro","850"
"Mean Weekly Earnings","2024","Co. Leitrim","Female","Euro","734.97"
"Mean Weekly Earnings","2024","Co. Laois","Both sexes","Euro","852.36"
"Mean Weekly Earnings","2024","Co. Laois","Male","Euro","957.5"
"Mean Weekly Earnings","2024","Co. Laois","Female","Euro","748.46"
"Mean Weekly Earnings","2024","Co. Meath","Both sexes","Euro","954.68"
"Mean Weekly Earnings","2024","Co. Meath","Male","Euro","1097.08"
"Mean Weekly Earnings","2024","Co. Meath","Female","Euro","810.66"
"Mean Weekly Earnings","2024","Co. Monaghan","Both sexes","Euro","754.07"
"Mean Weekly Earnings","2024","Co. Monaghan","Male","Euro","819.25"
"Mean Weekly Earnings","2024","Co. Monaghan","Female","Euro","688.36"
"Mean Weekly Earnings","2024","Co. Mayo","Both sexes","Euro","805.74"
"Mean Weekly Earnings","2024","Co. Mayo","Male","Euro","885.06"
"Mean Weekly Earnings","2024","Co. Mayo","Female","Euro","732.16"
"Mean Weekly Earnings","2024","Co. Offaly","Both sexes","Euro","821.52"
"Mean Weekly Earnings","2024","Co. Offaly","Male","Euro","916.08"
"Mean Weekly Earnings","2024","Co. Offaly","Female","Euro","726.12"
"Mean Weekly Earnings","2024","Co. Roscommon","Both sexes","Euro","825.59"
"Mean Weekly Earnings","2024","Co. Roscommon","Male","Euro","904.34"
"Mean Weekly Earnings","2024","Co. Roscommon","Female","Euro","750.66"
"Mean Weekly Earnings","2024","Co. Sligo","Both sexes","Euro","838.17"
"Mean Weekly Earnings","2024","Co. Sligo","Male","Euro","906.97"
"Mean Weekly Earnings","2024","Co. Sligo","Female","Euro","775.61"
"Mean Weekly Earnings","2024","Co. Tipperary","Both sexes","Euro","826.95"
"Mean Weekly Earnings","2024","Co. Tipperary","Male","Euro","922.59"
"Mean Weekly Earnings","2024","Co. Tipperary","Female","Euro","735.67"
"Mean Weekly Earnings","2024","Co. Waterford","Both sexes","Euro","851.94"
"Mean Weekly Earnings","2024","Co. Waterford","Male","Euro","962.14"
"Mean Weekly Earnings","2024","Co. Waterford","Female","Euro","742.43"
"Mean Weekly Earnings","2024","Co. Wicklow","Both sexes","Euro","995.7"
"Mean Weekly Earnings","2024","Co. Wicklow","Male","Euro","1153.46"
"Mean Weekly Earnings","2024","Co. Wicklow","Female","Euro","841.69"
"Mean Weekly Earnings","2024","Co. Westmeath","Both sexes","Euro","870.07"
"Mean Weekly Earnings","2024","Co. Westmeath","Male","Euro","975.44"
"Mean Weekly Earnings","2024","Co. Westmeath","Female","Euro","764.28"
"Mean Weekly Earnings","2024","Co. Wexford","Both sexes","Euro","784.14"
"Mean Weekly Earnings","2024","Co. Wexford","Male","Euro","874.36"
"Mean Weekly Earnings","2024","Co. Wexford","Female","Euro","696.1"
"Mean Weekly Earnings","2024","Ireland","Both sexes","Euro","942.73"
"Mean Weekly Earnings","2024","Ireland","Male","Euro","1061.44"
"Mean Weekly Earnings","2024","Ireland","Female","Euro","823.02"
"Median Weekly Earnings","2011","Co. Clare","Both sexes","Euro","520.52"
"Median Weekly Earnings","2011","Co. Clare","Male","Euro","599.81"
"Median Weekly Earnings","2011","Co. Clare","Female","Euro","458.76"
"Median Weekly Earnings","2011","Co. Cork","Both sexes","Euro","534.82"
"Median Weekly Earnings","2011","Co. Cork","Male","Euro","619.39"
"Median Weekly Earnings","2011","Co. Cork","Female","Euro","457.26"
"Median Weekly Earnings","2011","Co. Cavan","Both sexes","Euro","495.53"
"Median Weekly Earnings","2011","Co. Cavan","Male","Euro","544.86"
"Median Weekly Earnings","2011","Co. Cavan","Female","Euro","441.6"
"Median Weekly Earnings","2011","Co. Carlow","Both sexes","Euro","493.89"
"Median Weekly Earnings","2011","Co. Carlow","Male","Euro","554.77"
"Median Weekly Earnings","2011","Co. Carlow","Female","Euro","424.56"
"Median Weekly Earnings","2011","Co. Donegal","Both sexes","Euro","416.2"
"Median Weekly Earnings","2011","Co. Donegal","Male","Euro","450"
"Median Weekly Earnings","2011","Co. Donegal","Female","Euro","378.02"
"Median Weekly Earnings","2011","Co. Dublin","Both sexes","Euro","579.3"
"Median Weekly Earnings","2011","Co. Dublin","Male","Euro","652.41"
"Median Weekly Earnings","2011","Co. Dublin","Female","Euro","515.73"
"Median Weekly Earnings","2011","Co. Galway","Both sexes","Euro","523.51"
"Median Weekly Earnings","2011","Co. Galway","Male","Euro","571.31"
"Median Weekly Earnings","2011","Co. Galway","Female","Euro","484.16"
"Median Weekly Earnings","2011","Co. Kildare","Both sexes","Euro","577.42"
"Median Weekly Earnings","2011","Co. Kildare","Male","Euro","667.92"
"Median Weekly Earnings","2011","Co. Kildare","Female","Euro","492.79"
"Median Weekly Earnings","2011","Co. Kilkenny","Both sexes","Euro","527.42"
"Median Weekly Earnings","2011","Co. Kilkenny","Male","Euro","589.29"
"Median Weekly Earnings","2011","Co. Kilkenny","Female","Euro","467.59"
"Median Weekly Earnings","2011","Co. Kerry","Both sexes","Euro","459.16"
"Median Weekly Earnings","2011","Co. Kerry","Male","Euro","514.95"
"Median Weekly Earnings","2011","Co. Kerry","Female","Euro","407.23"
"Median Weekly Earnings","2011","Co. Longford","Both sexes","Euro","487.04"
"Median Weekly Earnings","2011","Co. Longford","Male","Euro","534.01"
"Median Weekly Earnings","2011","Co. Longford","Female","Euro","441"
"Median Weekly Earnings","2011","Co. Louth","Both sexes","Euro","503.62"
"Median Weekly Earnings","2011","Co. Louth","Male","Euro","575.2"
"Median Weekly Earnings","2011","Co. Louth","Female","Euro","439.06"
"Median Weekly Earnings","2011","Co. Limerick","Both sexes","Euro","527.73"
"Median Weekly Earnings","2011","Co. Limerick","Male","Euro","599.28"
"Median Weekly Earnings","2011","Co. Limerick","Female","Euro","461.6"
"Median Weekly Earnings","2011","Co. Leitrim","Both sexes","Euro","503.94"
"Median Weekly Earnings","2011","Co. Leitrim","Male","Euro","537.44"
"Median Weekly Earnings","2011","Co. Leitrim","Female","Euro","472.56"
"Median Weekly Earnings","2011","Co. Laois","Both sexes","Euro","540.69"
"Median Weekly Earnings","2011","Co. Laois","Male","Euro","604.59"
"Median Weekly Earnings","2011","Co. Laois","Female","Euro","480.77"
"Median Weekly Earnings","2011","Co. Meath","Both sexes","Euro","566.56"
"Median Weekly Earnings","2011","Co. Meath","Male","Euro","658.43"
"Median Weekly Earnings","2011","Co. Meath","Female","Euro","487.72"
"Median Weekly Earnings","2011","Co. Monaghan","Both sexes","Euro","452.83"
"Median Weekly Earnings","2011","Co. Monaghan","Male","Euro","484.68"
"Median Weekly Earnings","2011","Co. Monaghan","Female","Euro","418.19"
"Median Weekly Earnings","2011","Co. Mayo","Both sexes","Euro","476.26"
"Median Weekly Earnings","2011","Co. Mayo","Male","Euro","528.91"
"Median Weekly Earnings","2011","Co. Mayo","Female","Euro","430.37"
"Median Weekly Earnings","2011","Co. Offaly","Both sexes","Euro","515.71"
"Median Weekly Earnings","2011","Co. Offaly","Male","Euro","576.92"
"Median Weekly Earnings","2011","Co. Offaly","Female","Euro","450.87"
"Median Weekly Earnings","2011","Co. Roscommon","Both sexes","Euro","523.25"
"Median Weekly Earnings","2011","Co. Roscommon","Male","Euro","575.07"
"Median Weekly Earnings","2011","Co. Roscommon","Female","Euro","469.62"
"Median Weekly Earnings","2011","Co. Sligo","Both sexes","Euro","517.75"
"Median Weekly Earnings","2011","Co. Sligo","Male","Euro","560.8"
"Median Weekly Earnings","2011","Co. Sligo","Female","Euro","484.33"
"Median Weekly Earnings","2011","Co. Tipperary","Both sexes","Euro","506.61"
"Median Weekly Earnings","2011","Co. Tipperary","Male","Euro","575.88"
"Median Weekly Earnings","2011","Co. Tipperary","Female","Euro","443.25"
"Median Weekly Earnings","2011","Co. Waterford","Both sexes","Euro","508.41"
"Median Weekly Earnings","2011","Co. Waterford","Male","Euro","590.43"
"Median Weekly Earnings","2011","Co. Waterford","Female","Euro","435.59"
"Median Weekly Earnings","2011","Co. Wicklow","Both sexes","Euro","547.91"
"Median Weekly Earnings","2011","Co. Wicklow","Male","Euro","645.1"
"Median Weekly Earnings","2011","Co. Wicklow","Female","Euro","469.35"
"Median Weekly Earnings","2011","Co. Westmeath","Both sexes","Euro","531.77"
"Median Weekly Earnings","2011","Co. Westmeath","Male","Euro","603.48"
"Median Weekly Earnings","2011","Co. Westmeath","Female","Euro","458.56"
"Median Weekly Earnings","2011","Co. Wexford","Both sexes","Euro","468.8"
"Median Weekly Earnings","2011","Co. Wexford","Male","Euro","532.73"
"Median Weekly Earnings","2011","Co. Wexford","Female","Euro","411.56"
"Median Weekly Earnings","2011","Ireland","Both sexes","Euro","534.84"
"Median Weekly Earnings","2011","Ireland","Male","Euro","603.63"
"Median Weekly Earnings","2011","Ireland","Female","Euro","471.94"
"Median Weekly Earnings","2012","Co. Clare","Both sexes","Euro","513.43"
"Median Weekly Earnings","2012","Co. Clare","Male","Euro","592.63"
"Median Weekly Earnings","2012","Co. Clare","Female","Euro","455.42"
"Median Weekly Earnings","2012","Co. Cork","Both sexes","Euro","530.71"
"Median Weekly Earnings","2012","Co. Cork","Male","Euro","614.63"
"Median Weekly Earnings","2012","Co. Cork","Female","Euro","453.31"
"Median Weekly Earnings","2012","Co. Cavan","Both sexes","Euro","488.48"
"Median Weekly Earnings","2012","Co. Cavan","Male","Euro","538.16"
"Median Weekly Earnings","2012","Co. Cavan","Female","Euro","439.72"
"Median Weekly Earnings","2012","Co. Carlow","Both sexes","Euro","487.91"
"Median Weekly Earnings","2012","Co. Carlow","Male","Euro","540"
"Median Weekly Earnings","2012","Co. Carlow","Female","Euro","419.31"
"Median Weekly Earnings","2012","Co. Donegal","Both sexes","Euro","415.38"
"Median Weekly Earnings","2012","Co. Donegal","Male","Euro","446.4"
"Median Weekly Earnings","2012","Co. Donegal","Female","Euro","378.13"
"Median Weekly Earnings","2012","Co. Dublin","Both sexes","Euro","574.26"
"Median Weekly Earnings","2012","Co. Dublin","Male","Euro","639.87"
"Median Weekly Earnings","2012","Co. Dublin","Female","Euro","513.27"
"Median Weekly Earnings","2012","Co. Galway","Both sexes","Euro","507.39"
"Median Weekly Earnings","2012","Co. Galway","Male","Euro","549.42"
"Median Weekly Earnings","2012","Co. Galway","Female","Euro","471.58"
"Median Weekly Earnings","2012","Co. Kildare","Both sexes","Euro","566.86"
"Median Weekly Earnings","2012","Co. Kildare","Male","Euro","649.39"
"Median Weekly Earnings","2012","Co. Kildare","Female","Euro","486.98"
"Median Weekly Earnings","2012","Co. Kilkenny","Both sexes","Euro","518.84"
"Median Weekly Earnings","2012","Co. Kilkenny","Male","Euro","578.79"
"Median Weekly Earnings","2012","Co. Kilkenny","Female","Euro","465.24"
"Median Weekly Earnings","2012","Co. Kerry","Both sexes","Euro","452.37"
"Median Weekly Earnings","2012","Co. Kerry","Male","Euro","506.56"
"Median Weekly Earnings","2012","Co. Kerry","Female","Euro","400"
"Median Weekly Earnings","2012","Co. Longford","Both sexes","Euro","476.32"
"Median Weekly Earnings","2012","Co. Longford","Male","Euro","511.43"
"Median Weekly Earnings","2012","Co. Longford","Female","Euro","432.36"
"Median Weekly Earnings","2012","Co. Louth","Both sexes","Euro","504.43"
"Median Weekly Earnings","2012","Co. Louth","Male","Euro","566.3"
"Median Weekly Earnings","2012","Co. Louth","Female","Euro","444.38"
"Median Weekly Earnings","2012","Co. Limerick","Both sexes","Euro","516.79"
"Median Weekly Earnings","2012","Co. Limerick","Male","Euro","585"
"Median Weekly Earnings","2012","Co. Limerick","Female","Euro","451.89"
"Median Weekly Earnings","2012","Co. Leitrim","Both sexes","Euro","482.94"
"Median Weekly Earnings","2012","Co. Leitrim","Male","Euro","518.29"
"Median Weekly Earnings","2012","Co. Leitrim","Female","Euro","453.89"
"Median Weekly Earnings","2012","Co. Laois","Both sexes","Euro","532.4"
"Median Weekly Earnings","2012","Co. Laois","Male","Euro","595.67"
"Median Weekly Earnings","2012","Co. Laois","Female","Euro","473.85"
"Median Weekly Earnings","2012","Co. Meath","Both sexes","Euro","559.64"
"Median Weekly Earnings","2012","Co. Meath","Male","Euro","640"
"Median Weekly Earnings","2012","Co. Meath","Female","Euro","483.77"
"Median Weekly Earnings","2012","Co. Monaghan","Both sexes","Euro","448"
"Median Weekly Earnings","2012","Co. Monaghan","Male","Euro","479.02"
"Median Weekly Earnings","2012","Co. Monaghan","Female","Euro","414.71"
"Median Weekly Earnings","2012","Co. Mayo","Both sexes","Euro","466.03"
"Median Weekly Earnings","2012","Co. Mayo","Male","Euro","519.67"
"Median Weekly Earnings","2012","Co. Mayo","Female","Euro","415.85"
"Median Weekly Earnings","2012","Co. Offaly","Both sexes","Euro","506.11"
"Median Weekly Earnings","2012","Co. Offaly","Male","Euro","559.51"
"Median Weekly Earnings","2012","Co. Offaly","Female","Euro","444.5"
"Median Weekly Earnings","2012","Co. Roscommon","Both sexes","Euro","500"
"Median Weekly Earnings","2012","Co. Roscommon","Male","Euro","547.81"
"Median Weekly Earnings","2012","Co. Roscommon","Female","Euro","454"
"Median Weekly Earnings","2012","Co. Sligo","Both sexes","Euro","514.76"
"Median Weekly Earnings","2012","Co. Sligo","Male","Euro","550.84"
"Median Weekly Earnings","2012","Co. Sligo","Female","Euro","480.77"
"Median Weekly Earnings","2012","Co. Tipperary","Both sexes","Euro","500"
"Median Weekly Earnings","2012","Co. Tipperary","Male","Euro","560"
"Median Weekly Earnings","2012","Co. Tipperary","Female","Euro","437.95"
"Median Weekly Earnings","2012","Co. Waterford","Both sexes","Euro","494.48"
"Median Weekly Earnings","2012","Co. Waterford","Male","Euro","580.1"
"Median Weekly Earnings","2012","Co. Waterford","Female","Euro","421.4"
"Median Weekly Earnings","2012","Co. Wicklow","Both sexes","Euro","535.49"
"Median Weekly Earnings","2012","Co. Wicklow","Male","Euro","627.18"
"Median Weekly Earnings","2012","Co. Wicklow","Female","Euro","459.8"
"Median Weekly Earnings","2012","Co. Westmeath","Both sexes","Euro","516.95"
"Median Weekly Earnings","2012","Co. Westmeath","Male","Euro","584.99"
"Median Weekly Earnings","2012","Co. Westmeath","Female","Euro","449.73"
"Median Weekly Earnings","2012","Co. Wexford","Both sexes","Euro","461.53"
"Median Weekly Earnings","2012","Co. Wexford","Male","Euro","519.68"
"Median Weekly Earnings","2012","Co. Wexford","Female","Euro","407.74"
"Median Weekly Earnings","2012","Ireland","Both sexes","Euro","527.06"
"Median Weekly Earnings","2012","Ireland","Male","Euro","591.5"
"Median Weekly Earnings","2012","Ireland","Female","Euro","466.67"
"Median Weekly Earnings","2013","Co. Clare","Both sexes","Euro","515.96"
"Median Weekly Earnings","2013","Co. Clare","Male","Euro","588.31"
"Median Weekly Earnings","2013","Co. Clare","Female","Euro","459.27"
"Median Weekly Earnings","2013","Co. Cork","Both sexes","Euro","537.83"
"Median Weekly Earnings","2013","Co. Cork","Male","Euro","617.47"
"Median Weekly Earnings","2013","Co. Cork","Female","Euro","460"
"Median Weekly Earnings","2013","Co. Cavan","Both sexes","Euro","491.23"
"Median Weekly Earnings","2013","Co. Cavan","Male","Euro","538.35"
"Median Weekly Earnings","2013","Co. Cavan","Female","Euro","436.33"
"Median Weekly Earnings","2013","Co. Carlow","Both sexes","Euro","493.39"
"Median Weekly Earnings","2013","Co. Carlow","Male","Euro","548.71"
"Median Weekly Earnings","2013","Co. Carlow","Female","Euro","419.06"
"Median Weekly Earnings","2013","Co. Donegal","Both sexes","Euro","410.37"
"Median Weekly Earnings","2013","Co. Donegal","Male","Euro","440"
"Median Weekly Earnings","2013","Co. Donegal","Female","Euro","374.29"
"Median Weekly Earnings","2013","Co. Dublin","Both sexes","Euro","574.31"
"Median Weekly Earnings","2013","Co. Dublin","Male","Euro","636.52"
"Median Weekly Earnings","2013","Co. Dublin","Female","Euro","515.23"
"Median Weekly Earnings","2013","Co. Galway","Both sexes","Euro","514.75"
"Median Weekly Earnings","2013","Co. Galway","Male","Euro","555.83"
"Median Weekly Earnings","2013","Co. Galway","Female","Euro","477.63"
"Median Weekly Earnings","2013","Co. Kildare","Both sexes","Euro","571.27"
"Median Weekly Earnings","2013","Co. Kildare","Male","Euro","650.96"
"Median Weekly Earnings","2013","Co. Kildare","Female","Euro","490.8"
"Median Weekly Earnings","2013","Co. Kilkenny","Both sexes","Euro","522.12"
"Median Weekly Earnings","2013","Co. Kilkenny","Male","Euro","577.58"
"Median Weekly Earnings","2013","Co. Kilkenny","Female","Euro","471.25"
"Median Weekly Earnings","2013","Co. Kerry","Both sexes","Euro","454.52"
"Median Weekly Earnings","2013","Co. Kerry","Male","Euro","510.33"
"Median Weekly Earnings","2013","Co. Kerry","Female","Euro","401.57"
"Median Weekly Earnings","2013","Co. Longford","Both sexes","Euro","487.48"
"Median Weekly Earnings","2013","Co. Longford","Male","Euro","523.42"
"Median Weekly Earnings","2013","Co. Longford","Female","Euro","444.69"
"Median Weekly Earnings","2013","Co. Louth","Both sexes","Euro","498.25"
"Median Weekly Earnings","2013","Co. Louth","Male","Euro","557.24"
"Median Weekly Earnings","2013","Co. Louth","Female","Euro","437.12"
"Median Weekly Earnings","2013","Co. Limerick","Both sexes","Euro","519.72"
"Median Weekly Earnings","2013","Co. Limerick","Male","Euro","585.92"
"Median Weekly Earnings","2013","Co. Limerick","Female","Euro","452.27"
"Median Weekly Earnings","2013","Co. Leitrim","Both sexes","Euro","490.12"
"Median Weekly Earnings","2013","Co. Leitrim","Male","Euro","515.73"
"Median Weekly Earnings","2013","Co. Leitrim","Female","Euro","457.96"
"Median Weekly Earnings","2013","Co. Laois","Both sexes","Euro","537.03"
"Median Weekly Earnings","2013","Co. Laois","Male","Euro","589.71"
"Median Weekly Earnings","2013","Co. Laois","Female","Euro","478.02"
"Median Weekly Earnings","2013","Co. Meath","Both sexes","Euro","562.63"
"Median Weekly Earnings","2013","Co. Meath","Male","Euro","639.47"
"Median Weekly Earnings","2013","Co. Meath","Female","Euro","489.47"
"Median Weekly Earnings","2013","Co. Monaghan","Both sexes","Euro","449"
"Median Weekly Earnings","2013","Co. Monaghan","Male","Euro","478.32"
"Median Weekly Earnings","2013","Co. Monaghan","Female","Euro","412.61"
"Median Weekly Earnings","2013","Co. Mayo","Both sexes","Euro","470.02"
"Median Weekly Earnings","2013","Co. Mayo","Male","Euro","523.54"
"Median Weekly Earnings","2013","Co. Mayo","Female","Euro","419.43"
"Median Weekly Earnings","2013","Co. Offaly","Both sexes","Euro","512.15"
"Median Weekly Earnings","2013","Co. Offaly","Male","Euro","569.62"
"Median Weekly Earnings","2013","Co. Offaly","Female","Euro","446.33"
"Median Weekly Earnings","2013","Co. Roscommon","Both sexes","Euro","504.88"
"Median Weekly Earnings","2013","Co. Roscommon","Male","Euro","550.88"
"Median Weekly Earnings","2013","Co. Roscommon","Female","Euro","460.46"
"Median Weekly Earnings","2013","Co. Sligo","Both sexes","Euro","514.77"
"Median Weekly Earnings","2013","Co. Sligo","Male","Euro","548.38"
"Median Weekly Earnings","2013","Co. Sligo","Female","Euro","480.76"
"Median Weekly Earnings","2013","Co. Tipperary","Both sexes","Euro","500.98"
"Median Weekly Earnings","2013","Co. Tipperary","Male","Euro","558.82"
"Median Weekly Earnings","2013","Co. Tipperary","Female","Euro","437.7"
"Median Weekly Earnings","2013","Co. Waterford","Both sexes","Euro","500.15"
"Median Weekly Earnings","2013","Co. Waterford","Male","Euro","579.59"
"Median Weekly Earnings","2013","Co. Waterford","Female","Euro","431.63"
"Median Weekly Earnings","2013","Co. Wicklow","Both sexes","Euro","538.12"
"Median Weekly Earnings","2013","Co. Wicklow","Male","Euro","619.38"
"Median Weekly Earnings","2013","Co. Wicklow","Female","Euro","462.94"
"Median Weekly Earnings","2013","Co. Westmeath","Both sexes","Euro","523.56"
"Median Weekly Earnings","2013","Co. Westmeath","Male","Euro","583.23"
"Median Weekly Earnings","2013","Co. Westmeath","Female","Euro","460.23"
"Median Weekly Earnings","2013","Co. Wexford","Both sexes","Euro","468"
"Median Weekly Earnings","2013","Co. Wexford","Male","Euro","519.81"
"Median Weekly Earnings","2013","Co. Wexford","Female","Euro","409.07"
"Median Weekly Earnings","2013","Ireland","Both sexes","Euro","530"
"Median Weekly Earnings","2013","Ireland","Male","Euro","590.63"
"Median Weekly Earnings","2013","Ireland","Female","Euro","469.74"
"Median Weekly Earnings","2014","Co. Clare","Both sexes","Euro","522.5"
"Median Weekly Earnings","2014","Co. Clare","Male","Euro","592.09"
"Median Weekly Earnings","2014","Co. Clare","Female","Euro","462.62"
"Median Weekly Earnings","2014","Co. Cork","Both sexes","Euro","536.73"
"Median Weekly Earnings","2014","Co. Cork","Male","Euro","614.77"
"Median Weekly Earnings","2014","Co. Cork","Female","Euro","458.96"
"Median Weekly Earnings","2014","Co. Cavan","Both sexes","Euro","492.25"
"Median Weekly Earnings","2014","Co. Cavan","Male","Euro","535.09"
"Median Weekly Earnings","2014","Co. Cavan","Female","Euro","440.86"
"Median Weekly Earnings","2014","Co. Carlow","Both sexes","Euro","497.62"
"Median Weekly Earnings","2014","Co. Carlow","Male","Euro","548.71"
"Median Weekly Earnings","2014","Co. Carlow","Female","Euro","422.15"
"Median Weekly Earnings","2014","Co. Donegal","Both sexes","Euro","412.49"
"Median Weekly Earnings","2014","Co. Donegal","Male","Euro","442.31"
"Median Weekly Earnings","2014","Co. Donegal","Female","Euro","378.19"
"Median Weekly Earnings","2014","Co. Dublin","Both sexes","Euro","572.63"
"Median Weekly Earnings","2014","Co. Dublin","Male","Euro","630.83"
"Median Weekly Earnings","2014","Co. Dublin","Female","Euro","514.12"
"Median Weekly Earnings","2014","Co. Galway","Both sexes","Euro","527.38"
"Median Weekly Earnings","2014","Co. Galway","Male","Euro","565.34"
"Median Weekly Earnings","2014","Co. Galway","Female","Euro","488.25"
"Median Weekly Earnings","2014","Co. Kildare","Both sexes","Euro","571.17"
"Median Weekly Earnings","2014","Co. Kildare","Male","Euro","641.26"
"Median Weekly Earnings","2014","Co. Kildare","Female","Euro","492.37"
"Median Weekly Earnings","2014","Co. Kilkenny","Both sexes","Euro","523.07"
"Median Weekly Earnings","2014","Co. Kilkenny","Male","Euro","577.67"
"Median Weekly Earnings","2014","Co. Kilkenny","Female","Euro","468.71"
"Median Weekly Earnings","2014","Co. Kerry","Both sexes","Euro","456.08"
"Median Weekly Earnings","2014","Co. Kerry","Male","Euro","508.23"
"Median Weekly Earnings","2014","Co. Kerry","Female","Euro","401.72"
"Median Weekly Earnings","2014","Co. Longford","Both sexes","Euro","483.4"
"Median Weekly Earnings","2014","Co. Longford","Male","Euro","518.73"
"Median Weekly Earnings","2014","Co. Longford","Female","Euro","437.68"
"Median Weekly Earnings","2014","Co. Louth","Both sexes","Euro","503.44"
"Median Weekly Earnings","2014","Co. Louth","Male","Euro","562.6"
"Median Weekly Earnings","2014","Co. Louth","Female","Euro","441.33"
"Median Weekly Earnings","2014","Co. Limerick","Both sexes","Euro","518.38"
"Median Weekly Earnings","2014","Co. Limerick","Male","Euro","579.97"
"Median Weekly Earnings","2014","Co. Limerick","Female","Euro","452.56"
"Median Weekly Earnings","2014","Co. Leitrim","Both sexes","Euro","487.43"
"Median Weekly Earnings","2014","Co. Leitrim","Male","Euro","514.85"
"Median Weekly Earnings","2014","Co. Leitrim","Female","Euro","461.27"
"Median Weekly Earnings","2014","Co. Laois","Both sexes","Euro","533.96"
"Median Weekly Earnings","2014","Co. Laois","Male","Euro","587.23"
"Median Weekly Earnings","2014","Co. Laois","Female","Euro","474.36"
"Median Weekly Earnings","2014","Co. Meath","Both sexes","Euro","561.67"
"Median Weekly Earnings","2014","Co. Meath","Male","Euro","634.7"
"Median Weekly Earnings","2014","Co. Meath","Female","Euro","486.09"
"Median Weekly Earnings","2014","Co. Monaghan","Both sexes","Euro","450.6"
"Median Weekly Earnings","2014","Co. Monaghan","Male","Euro","477.76"
"Median Weekly Earnings","2014","Co. Monaghan","Female","Euro","411"
"Median Weekly Earnings","2014","Co. Mayo","Both sexes","Euro","471.59"
"Median Weekly Earnings","2014","Co. Mayo","Male","Euro","522.74"
"Median Weekly Earnings","2014","Co. Mayo","Female","Euro","422.19"
"Median Weekly Earnings","2014","Co. Offaly","Both sexes","Euro","511.63"
"Median Weekly Earnings","2014","Co. Offaly","Male","Euro","561.44"
"Median Weekly Earnings","2014","Co. Offaly","Female","Euro","449"
"Median Weekly Earnings","2014","Co. Roscommon","Both sexes","Euro","504.01"
"Median Weekly Earnings","2014","Co. Roscommon","Male","Euro","549.87"
"Median Weekly Earnings","2014","Co. Roscommon","Female","Euro","465.42"
"Median Weekly Earnings","2014","Co. Sligo","Both sexes","Euro","506.97"
"Median Weekly Earnings","2014","Co. Sligo","Male","Euro","546.48"
"Median Weekly Earnings","2014","Co. Sligo","Female","Euro","474.79"
"Median Weekly Earnings","2014","Co. Tipperary","Both sexes","Euro","503.79"
"Median Weekly Earnings","2014","Co. Tipperary","Male","Euro","556.45"
"Median Weekly Earnings","2014","Co. Tipperary","Female","Euro","442.6"
"Median Weekly Earnings","2014","Co. Waterford","Both sexes","Euro","495.4"
"Median Weekly Earnings","2014","Co. Waterford","Male","Euro","573"
"Median Weekly Earnings","2014","Co. Waterford","Female","Euro","422.4"
"Median Weekly Earnings","2014","Co. Wicklow","Both sexes","Euro","536.88"
"Median Weekly Earnings","2014","Co. Wicklow","Male","Euro","615.54"
"Median Weekly Earnings","2014","Co. Wicklow","Female","Euro","461.83"
"Median Weekly Earnings","2014","Co. Westmeath","Both sexes","Euro","522.79"
"Median Weekly Earnings","2014","Co. Westmeath","Male","Euro","579.51"
"Median Weekly Earnings","2014","Co. Westmeath","Female","Euro","460.22"
"Median Weekly Earnings","2014","Co. Wexford","Both sexes","Euro","466.55"
"Median Weekly Earnings","2014","Co. Wexford","Male","Euro","515"
"Median Weekly Earnings","2014","Co. Wexford","Female","Euro","407.87"
"Median Weekly Earnings","2014","Ireland","Both sexes","Euro","530.21"
"Median Weekly Earnings","2014","Ireland","Male","Euro","587.52"
"Median Weekly Earnings","2014","Ireland","Female","Euro","469.85"
"Median Weekly Earnings","2015","Co. Clare","Both sexes","Euro","523.68"
"Median Weekly Earnings","2015","Co. Clare","Male","Euro","591.65"
"Median Weekly Earnings","2015","Co. Clare","Female","Euro","465.56"
"Median Weekly Earnings","2015","Co. Cork","Both sexes","Euro","543.27"
"Median Weekly Earnings","2015","Co. Cork","Male","Euro","620.38"
"Median Weekly Earnings","2015","Co. Cork","Female","Euro","465.13"
"Median Weekly Earnings","2015","Co. Cavan","Both sexes","Euro","499.98"
"Median Weekly Earnings","2015","Co. Cavan","Male","Euro","545.08"
"Median Weekly Earnings","2015","Co. Cavan","Female","Euro","445.64"
"Median Weekly Earnings","2015","Co. Carlow","Both sexes","Euro","499.66"
"Median Weekly Earnings","2015","Co. Carlow","Male","Euro","546.17"
"Median Weekly Earnings","2015","Co. Carlow","Female","Euro","426.86"
"Median Weekly Earnings","2015","Co. Donegal","Both sexes","Euro","417.54"
"Median Weekly Earnings","2015","Co. Donegal","Male","Euro","451.57"
"Median Weekly Earnings","2015","Co. Donegal","Female","Euro","377.1"
"Median Weekly Earnings","2015","Co. Dublin","Both sexes","Euro","576.6"
"Median Weekly Earnings","2015","Co. Dublin","Male","Euro","633.37"
"Median Weekly Earnings","2015","Co. Dublin","Female","Euro","516.74"
"Median Weekly Earnings","2015","Co. Galway","Both sexes","Euro","525.19"
"Median Weekly Earnings","2015","Co. Galway","Male","Euro","565.23"
"Median Weekly Earnings","2015","Co. Galway","Female","Euro","483.5"
"Median Weekly Earnings","2015","Co. Kildare","Both sexes","Euro","576.9"
"Median Weekly Earnings","2015","Co. Kildare","Male","Euro","648.71"
"Median Weekly Earnings","2015","Co. Kildare","Female","Euro","498.96"
"Median Weekly Earnings","2015","Co. Kilkenny","Both sexes","Euro","531.11"
"Median Weekly Earnings","2015","Co. Kilkenny","Male","Euro","577.29"
"Median Weekly Earnings","2015","Co. Kilkenny","Female","Euro","480.75"
"Median Weekly Earnings","2015","Co. Kerry","Both sexes","Euro","457.83"
"Median Weekly Earnings","2015","Co. Kerry","Male","Euro","515.71"
"Median Weekly Earnings","2015","Co. Kerry","Female","Euro","402.66"
"Median Weekly Earnings","2015","Co. Longford","Both sexes","Euro","487.35"
"Median Weekly Earnings","2015","Co. Longford","Male","Euro","524.9"
"Median Weekly Earnings","2015","Co. Longford","Female","Euro","440.45"
"Median Weekly Earnings","2015","Co. Louth","Both sexes","Euro","508.34"
"Median Weekly Earnings","2015","Co. Louth","Male","Euro","566.09"
"Median Weekly Earnings","2015","Co. Louth","Female","Euro","448.42"
"Median Weekly Earnings","2015","Co. Limerick","Both sexes","Euro","521.76"
"Median Weekly Earnings","2015","Co. Limerick","Male","Euro","581.89"
"Median Weekly Earnings","2015","Co. Limerick","Female","Euro","458.04"
"Median Weekly Earnings","2015","Co. Leitrim","Both sexes","Euro","488.03"
"Median Weekly Earnings","2015","Co. Leitrim","Male","Euro","515.48"
"Median Weekly Earnings","2015","Co. Leitrim","Female","Euro","463.42"
"Median Weekly Earnings","2015","Co. Laois","Both sexes","Euro","538.12"
"Median Weekly Earnings","2015","Co. Laois","Male","Euro","586.31"
"Median Weekly Earnings","2015","Co. Laois","Female","Euro","480.85"
"Median Weekly Earnings","2015","Co. Meath","Both sexes","Euro","564.06"
"Median Weekly Earnings","2015","Co. Meath","Male","Euro","634.6"
"Median Weekly Earnings","2015","Co. Meath","Female","Euro","489.71"
"Median Weekly Earnings","2015","Co. Monaghan","Both sexes","Euro","455.12"
"Median Weekly Earnings","2015","Co. Monaghan","Male","Euro","485.58"
"Median Weekly Earnings","2015","Co. Monaghan","Female","Euro","412.33"
"Median Weekly Earnings","2015","Co. Mayo","Both sexes","Euro","478.11"
"Median Weekly Earnings","2015","Co. Mayo","Male","Euro","526.57"
"Median Weekly Earnings","2015","Co. Mayo","Female","Euro","429.35"
"Median Weekly Earnings","2015","Co. Offaly","Both sexes","Euro","512.14"
"Median Weekly Earnings","2015","Co. Offaly","Male","Euro","558.19"
"Median Weekly Earnings","2015","Co. Offaly","Female","Euro","450.95"
"Median Weekly Earnings","2015","Co. Roscommon","Both sexes","Euro","508.68"
"Median Weekly Earnings","2015","Co. Roscommon","Male","Euro","550.06"
"Median Weekly Earnings","2015","Co. Roscommon","Female","Euro","468.08"
"Median Weekly Earnings","2015","Co. Sligo","Both sexes","Euro","511.45"
"Median Weekly Earnings","2015","Co. Sligo","Male","Euro","547.35"
"Median Weekly Earnings","2015","Co. Sligo","Female","Euro","480.11"
"Median Weekly Earnings","2015","Co. Tipperary","Both sexes","Euro","503.46"
"Median Weekly Earnings","2015","Co. Tipperary","Male","Euro","556.58"
"Median Weekly Earnings","2015","Co. Tipperary","Female","Euro","443.05"
"Median Weekly Earnings","2015","Co. Waterford","Both sexes","Euro","496.12"
"Median Weekly Earnings","2015","Co. Waterford","Male","Euro","567.52"
"Median Weekly Earnings","2015","Co. Waterford","Female","Euro","423.1"
"Median Weekly Earnings","2015","Co. Wicklow","Both sexes","Euro","539.98"
"Median Weekly Earnings","2015","Co. Wicklow","Male","Euro","611.51"
"Median Weekly Earnings","2015","Co. Wicklow","Female","Euro","467.01"
"Median Weekly Earnings","2015","Co. Westmeath","Both sexes","Euro","523.15"
"Median Weekly Earnings","2015","Co. Westmeath","Male","Euro","577.21"
"Median Weekly Earnings","2015","Co. Westmeath","Female","Euro","461.56"
"Median Weekly Earnings","2015","Co. Wexford","Both sexes","Euro","469.79"
"Median Weekly Earnings","2015","Co. Wexford","Male","Euro","519.29"
"Median Weekly Earnings","2015","Co. Wexford","Female","Euro","408.75"
"Median Weekly Earnings","2015","Ireland","Both sexes","Euro","533.9"
"Median Weekly Earnings","2015","Ireland","Male","Euro","590.25"
"Median Weekly Earnings","2015","Ireland","Female","Euro","473.55"
"Median Weekly Earnings","2016","Co. Clare","Both sexes","Euro","526.03"
"Median Weekly Earnings","2016","Co. Clare","Male","Euro","593.92"
"Median Weekly Earnings","2016","Co. Clare","Female","Euro","462.1"
"Median Weekly Earnings","2016","Co. Cork","Both sexes","Euro","551.5"
"Median Weekly Earnings","2016","Co. Cork","Male","Euro","630.62"
"Median Weekly Earnings","2016","Co. Cork","Female","Euro","469.77"
"Median Weekly Earnings","2016","Co. Cavan","Both sexes","Euro","496"
"Median Weekly Earnings","2016","Co. Cavan","Male","Euro","544.93"
"Median Weekly Earnings","2016","Co. Cavan","Female","Euro","433.84"
"Median Weekly Earnings","2016","Co. Carlow","Both sexes","Euro","502.36"
"Median Weekly Earnings","2016","Co. Carlow","Male","Euro","559.61"
"Median Weekly Earnings","2016","Co. Carlow","Female","Euro","423.35"
"Median Weekly Earnings","2016","Co. Donegal","Both sexes","Euro","421.29"
"Median Weekly Earnings","2016","Co. Donegal","Male","Euro","458.79"
"Median Weekly Earnings","2016","Co. Donegal","Female","Euro","378.38"
"Median Weekly Earnings","2016","Co. Dublin","Both sexes","Euro","594.88"
"Median Weekly Earnings","2016","Co. Dublin","Male","Euro","649.83"
"Median Weekly Earnings","2016","Co. Dublin","Female","Euro","537.4"
"Median Weekly Earnings","2016","Co. Galway","Both sexes","Euro","533.39"
"Median Weekly Earnings","2016","Co. Galway","Male","Euro","576.98"
"Median Weekly Earnings","2016","Co. Galway","Female","Euro","487.65"
"Median Weekly Earnings","2016","Co. Kildare","Both sexes","Euro","585.54"
"Median Weekly Earnings","2016","Co. Kildare","Male","Euro","655.37"
"Median Weekly Earnings","2016","Co. Kildare","Female","Euro","505.1"
"Median Weekly Earnings","2016","Co. Kilkenny","Both sexes","Euro","526.48"
"Median Weekly Earnings","2016","Co. Kilkenny","Male","Euro","577.54"
"Median Weekly Earnings","2016","Co. Kilkenny","Female","Euro","469.4"
"Median Weekly Earnings","2016","Co. Kerry","Both sexes","Euro","454.17"
"Median Weekly Earnings","2016","Co. Kerry","Male","Euro","516.6"
"Median Weekly Earnings","2016","Co. Kerry","Female","Euro","395.13"
"Median Weekly Earnings","2016","Co. Longford","Both sexes","Euro","486.91"
"Median Weekly Earnings","2016","Co. Longford","Male","Euro","528.06"
"Median Weekly Earnings","2016","Co. Longford","Female","Euro","435.53"
"Median Weekly Earnings","2016","Co. Louth","Both sexes","Euro","511.31"
"Median Weekly Earnings","2016","Co. Louth","Male","Euro","567.67"
"Median Weekly Earnings","2016","Co. Louth","Female","Euro","452.98"
"Median Weekly Earnings","2016","Co. Limerick","Both sexes","Euro","526.76"
"Median Weekly Earnings","2016","Co. Limerick","Male","Euro","588.35"
"Median Weekly Earnings","2016","Co. Limerick","Female","Euro","461.02"
"Median Weekly Earnings","2016","Co. Leitrim","Both sexes","Euro","483.71"
"Median Weekly Earnings","2016","Co. Leitrim","Male","Euro","520.64"
"Median Weekly Earnings","2016","Co. Leitrim","Female","Euro","452.13"
"Median Weekly Earnings","2016","Co. Laois","Both sexes","Euro","539.44"
"Median Weekly Earnings","2016","Co. Laois","Male","Euro","592.81"
"Median Weekly Earnings","2016","Co. Laois","Female","Euro","476.66"
"Median Weekly Earnings","2016","Co. Meath","Both sexes","Euro","571.57"
"Median Weekly Earnings","2016","Co. Meath","Male","Euro","642.75"
"Median Weekly Earnings","2016","Co. Meath","Female","Euro","491.95"
"Median Weekly Earnings","2016","Co. Monaghan","Both sexes","Euro","464.94"
"Median Weekly Earnings","2016","Co. Monaghan","Male","Euro","499.21"
"Median Weekly Earnings","2016","Co. Monaghan","Female","Euro","416.03"
"Median Weekly Earnings","2016","Co. Mayo","Both sexes","Euro","475.51"
"Median Weekly Earnings","2016","Co. Mayo","Male","Euro","526.28"
"Median Weekly Earnings","2016","Co. Mayo","Female","Euro","423.06"
"Median Weekly Earnings","2016","Co. Offaly","Both sexes","Euro","511.1"
"Median Weekly Earnings","2016","Co. Offaly","Male","Euro","566.25"
"Median Weekly Earnings","2016","Co. Offaly","Female","Euro","445.83"
"Median Weekly Earnings","2016","Co. Roscommon","Both sexes","Euro","507.21"
"Median Weekly Earnings","2016","Co. Roscommon","Male","Euro","553.59"
"Median Weekly Earnings","2016","Co. Roscommon","Female","Euro","459.99"
"Median Weekly Earnings","2016","Co. Sligo","Both sexes","Euro","507.69"
"Median Weekly Earnings","2016","Co. Sligo","Male","Euro","542.3"
"Median Weekly Earnings","2016","Co. Sligo","Female","Euro","472.96"
"Median Weekly Earnings","2016","Co. Tipperary","Both sexes","Euro","501.21"
"Median Weekly Earnings","2016","Co. Tipperary","Male","Euro","557.69"
"Median Weekly Earnings","2016","Co. Tipperary","Female","Euro","436.76"
"Median Weekly Earnings","2016","Co. Waterford","Both sexes","Euro","500"
"Median Weekly Earnings","2016","Co. Waterford","Male","Euro","568.44"
"Median Weekly Earnings","2016","Co. Waterford","Female","Euro","425.92"
"Median Weekly Earnings","2016","Co. Wicklow","Both sexes","Euro","552.56"
"Median Weekly Earnings","2016","Co. Wicklow","Male","Euro","624.75"
"Median Weekly Earnings","2016","Co. Wicklow","Female","Euro","476.02"
"Median Weekly Earnings","2016","Co. Westmeath","Both sexes","Euro","529.53"
"Median Weekly Earnings","2016","Co. Westmeath","Male","Euro","586.67"
"Median Weekly Earnings","2016","Co. Westmeath","Female","Euro","463.19"
"Median Weekly Earnings","2016","Co. Wexford","Both sexes","Euro","476.25"
"Median Weekly Earnings","2016","Co. Wexford","Male","Euro","529.71"
"Median Weekly Earnings","2016","Co. Wexford","Female","Euro","410.63"
"Median Weekly Earnings","2016","Ireland","Both sexes","Euro","543.04"
"Median Weekly Earnings","2016","Ireland","Male","Euro","599.92"
"Median Weekly Earnings","2016","Ireland","Female","Euro","479.88"
"Median Weekly Earnings","2017","Co. Clare","Both sexes","Euro","541.13"
"Median Weekly Earnings","2017","Co. Clare","Male","Euro","609.03"
"Median Weekly Earnings","2017","Co. Clare","Female","Euro","474.79"
"Median Weekly Earnings","2017","Co. Cork","Both sexes","Euro","565.42"
"Median Weekly Earnings","2017","Co. Cork","Male","Euro","646.15"
"Median Weekly Earnings","2017","Co. Cork","Female","Euro","479.9"
"Median Weekly Earnings","2017","Co. Cavan","Both sexes","Euro","511.37"
"Median Weekly Earnings","2017","Co. Cavan","Male","Euro","560.41"
"Median Weekly Earnings","2017","Co. Cavan","Female","Euro","447.21"
"Median Weekly Earnings","2017","Co. Carlow","Both sexes","Euro","513.95"
"Median Weekly Earnings","2017","Co. Carlow","Male","Euro","572.67"
"Median Weekly Earnings","2017","Co. Carlow","Female","Euro","430.87"
"Median Weekly Earnings","2017","Co. Donegal","Both sexes","Euro","437.07"
"Median Weekly Earnings","2017","Co. Donegal","Male","Euro","476.23"
"Median Weekly Earnings","2017","Co. Donegal","Female","Euro","391.06"
"Median Weekly Earnings","2017","Co. Dublin","Both sexes","Euro","606.61"
"Median Weekly Earnings","2017","Co. Dublin","Male","Euro","666.87"
"Median Weekly Earnings","2017","Co. Dublin","Female","Euro","543.77"
"Median Weekly Earnings","2017","Co. Galway","Both sexes","Euro","550.69"
"Median Weekly Earnings","2017","Co. Galway","Male","Euro","595.6"
"Median Weekly Earnings","2017","Co. Galway","Female","Euro","501.79"
"Median Weekly Earnings","2017","Co. Kildare","Both sexes","Euro","600.14"
"Median Weekly Earnings","2017","Co. Kildare","Male","Euro","675.08"
"Median Weekly Earnings","2017","Co. Kildare","Female","Euro","514.82"
"Median Weekly Earnings","2017","Co. Kilkenny","Both sexes","Euro","546.27"
"Median Weekly Earnings","2017","Co. Kilkenny","Male","Euro","596.89"
"Median Weekly Earnings","2017","Co. Kilkenny","Female","Euro","486.37"
"Median Weekly Earnings","2017","Co. Kerry","Both sexes","Euro","471.69"
"Median Weekly Earnings","2017","Co. Kerry","Male","Euro","531.83"
"Median Weekly Earnings","2017","Co. Kerry","Female","Euro","412.93"
"Median Weekly Earnings","2017","Co. Longford","Both sexes","Euro","497.48"
"Median Weekly Earnings","2017","Co. Longford","Male","Euro","535"
"Median Weekly Earnings","2017","Co. Longford","Female","Euro","443.75"
"Median Weekly Earnings","2017","Co. Louth","Both sexes","Euro","524.88"
"Median Weekly Earnings","2017","Co. Louth","Male","Euro","583.79"
"Median Weekly Earnings","2017","Co. Louth","Female","Euro","458.71"
"Median Weekly Earnings","2017","Co. Limerick","Both sexes","Euro","542.34"
"Median Weekly Earnings","2017","Co. Limerick","Male","Euro","603.08"
"Median Weekly Earnings","2017","Co. Limerick","Female","Euro","472.89"
"Median Weekly Earnings","2017","Co. Leitrim","Both sexes","Euro","501.13"
"Median Weekly Earnings","2017","Co. Leitrim","Male","Euro","536.33"
"Median Weekly Earnings","2017","Co. Leitrim","Female","Euro","464.51"
"Median Weekly Earnings","2017","Co. Laois","Both sexes","Euro","553.71"
"Median Weekly Earnings","2017","Co. Laois","Male","Euro","606.77"
"Median Weekly Earnings","2017","Co. Laois","Female","Euro","483.75"
"Median Weekly Earnings","2017","Co. Meath","Both sexes","Euro","586.24"
"Median Weekly Earnings","2017","Co. Meath","Male","Euro","661.76"
"Median Weekly Earnings","2017","Co. Meath","Female","Euro","500.27"
"Median Weekly Earnings","2017","Co. Monaghan","Both sexes","Euro","479.54"
"Median Weekly Earnings","2017","Co. Monaghan","Male","Euro","518.46"
"Median Weekly Earnings","2017","Co. Monaghan","Female","Euro","427.04"
"Median Weekly Earnings","2017","Co. Mayo","Both sexes","Euro","495.26"
"Median Weekly Earnings","2017","Co. Mayo","Male","Euro","547.48"
"Median Weekly Earnings","2017","Co. Mayo","Female","Euro","439.6"
"Median Weekly Earnings","2017","Co. Offaly","Both sexes","Euro","525.31"
"Median Weekly Earnings","2017","Co. Offaly","Male","Euro","580.08"
"Median Weekly Earnings","2017","Co. Offaly","Female","Euro","456.71"
"Median Weekly Earnings","2017","Co. Roscommon","Both sexes","Euro","521.58"
"Median Weekly Earnings","2017","Co. Roscommon","Male","Euro","570.13"
"Median Weekly Earnings","2017","Co. Roscommon","Female","Euro","473.96"
"Median Weekly Earnings","2017","Co. Sligo","Both sexes","Euro","520"
"Median Weekly Earnings","2017","Co. Sligo","Male","Euro","556.46"
"Median Weekly Earnings","2017","Co. Sligo","Female","Euro","484.66"
"Median Weekly Earnings","2017","Co. Tipperary","Both sexes","Euro","512.77"
"Median Weekly Earnings","2017","Co. Tipperary","Male","Euro","572.55"
"Median Weekly Earnings","2017","Co. Tipperary","Female","Euro","446.6"
"Median Weekly Earnings","2017","Co. Waterford","Both sexes","Euro","513.48"
"Median Weekly Earnings","2017","Co. Waterford","Male","Euro","586.3"
"Median Weekly Earnings","2017","Co. Waterford","Female","Euro","437.86"
"Median Weekly Earnings","2017","Co. Wicklow","Both sexes","Euro","563.78"
"Median Weekly Earnings","2017","Co. Wicklow","Male","Euro","638.62"
"Median Weekly Earnings","2017","Co. Wicklow","Female","Euro","486.27"
"Median Weekly Earnings","2017","Co. Westmeath","Both sexes","Euro","539.17"
"Median Weekly Earnings","2017","Co. Westmeath","Male","Euro","598.16"
"Median Weekly Earnings","2017","Co. Westmeath","Female","Euro","469.69"
"Median Weekly Earnings","2017","Co. Wexford","Both sexes","Euro","491.59"
"Median Weekly Earnings","2017","Co. Wexford","Male","Euro","547.04"
"Median Weekly Earnings","2017","Co. Wexford","Female","Euro","422.97"
"Median Weekly Earnings","2017","Ireland","Both sexes","Euro","556.61"
"Median Weekly Earnings","2017","Ireland","Male","Euro","615.37"
"Median Weekly Earnings","2017","Ireland","Female","Euro","488.85"
"Median Weekly Earnings","2018","Co. Clare","Both sexes","Euro","563.04"
"Median Weekly Earnings","2018","Co. Clare","Male","Euro","632.9"
"Median Weekly Earnings","2018","Co. Clare","Female","Euro","493.31"
"Median Weekly Earnings","2018","Co. Cork","Both sexes","Euro","584.29"
"Median Weekly Earnings","2018","Co. Cork","Male","Euro","672.5"
"Median Weekly Earnings","2018","Co. Cork","Female","Euro","493.87"
"Median Weekly Earnings","2018","Co. Cavan","Both sexes","Euro","524.3"
"Median Weekly Earnings","2018","Co. Cavan","Male","Euro","578.79"
"Median Weekly Earnings","2018","Co. Cavan","Female","Euro","457.24"
"Median Weekly Earnings","2018","Co. Carlow","Both sexes","Euro","529.98"
"Median Weekly Earnings","2018","Co. Carlow","Male","Euro","593.44"
"Median Weekly Earnings","2018","Co. Carlow","Female","Euro","440.49"
"Median Weekly Earnings","2018","Co. Donegal","Both sexes","Euro","453.08"
"Median Weekly Earnings","2018","Co. Donegal","Male","Euro","493.19"
"Median Weekly Earnings","2018","Co. Donegal","Female","Euro","403.89"
"Median Weekly Earnings","2018","Co. Dublin","Both sexes","Euro","623.53"
"Median Weekly Earnings","2018","Co. Dublin","Male","Euro","689.27"
"Median Weekly Earnings","2018","Co. Dublin","Female","Euro","553.85"
"Median Weekly Earnings","2018","Co. Galway","Both sexes","Euro","564.52"
"Median Weekly Earnings","2018","Co. Galway","Male","Euro","610.78"
"Median Weekly Earnings","2018","Co. Galway","Female","Euro","512.96"
"Median Weekly Earnings","2018","Co. Kildare","Both sexes","Euro","617.6"
"Median Weekly Earnings","2018","Co. Kildare","Male","Euro","701.65"
"Median Weekly Earnings","2018","Co. Kildare","Female","Euro","526.3"
"Median Weekly Earnings","2018","Co. Kilkenny","Both sexes","Euro","568.83"
"Median Weekly Earnings","2018","Co. Kilkenny","Male","Euro","621.79"
"Median Weekly Earnings","2018","Co. Kilkenny","Female","Euro","505.41"
"Median Weekly Earnings","2018","Co. Kerry","Both sexes","Euro","487.01"
"Median Weekly Earnings","2018","Co. Kerry","Male","Euro","549.98"
"Median Weekly Earnings","2018","Co. Kerry","Female","Euro","424.41"
"Median Weekly Earnings","2018","Co. Longford","Both sexes","Euro","507.44"
"Median Weekly Earnings","2018","Co. Longford","Male","Euro","549.71"
"Median Weekly Earnings","2018","Co. Longford","Female","Euro","458.2"
"Median Weekly Earnings","2018","Co. Louth","Both sexes","Euro","537.58"
"Median Weekly Earnings","2018","Co. Louth","Male","Euro","598.38"
"Median Weekly Earnings","2018","Co. Louth","Female","Euro","466.94"
"Median Weekly Earnings","2018","Co. Limerick","Both sexes","Euro","559.83"
"Median Weekly Earnings","2018","Co. Limerick","Male","Euro","623.96"
"Median Weekly Earnings","2018","Co. Limerick","Female","Euro","486.97"
"Median Weekly Earnings","2018","Co. Leitrim","Both sexes","Euro","512.88"
"Median Weekly Earnings","2018","Co. Leitrim","Male","Euro","549.47"
"Median Weekly Earnings","2018","Co. Leitrim","Female","Euro","479"
"Median Weekly Earnings","2018","Co. Laois","Both sexes","Euro","570.91"
"Median Weekly Earnings","2018","Co. Laois","Male","Euro","627.86"
"Median Weekly Earnings","2018","Co. Laois","Female","Euro","496.98"
"Median Weekly Earnings","2018","Co. Meath","Both sexes","Euro","601.92"
"Median Weekly Earnings","2018","Co. Meath","Male","Euro","684.79"
"Median Weekly Earnings","2018","Co. Meath","Female","Euro","514.5"
"Median Weekly Earnings","2018","Co. Monaghan","Both sexes","Euro","495.38"
"Median Weekly Earnings","2018","Co. Monaghan","Male","Euro","536.99"
"Median Weekly Earnings","2018","Co. Monaghan","Female","Euro","441.05"
"Median Weekly Earnings","2018","Co. Mayo","Both sexes","Euro","508.65"
"Median Weekly Earnings","2018","Co. Mayo","Male","Euro","564.9"
"Median Weekly Earnings","2018","Co. Mayo","Female","Euro","452.27"
"Median Weekly Earnings","2018","Co. Offaly","Both sexes","Euro","538.54"
"Median Weekly Earnings","2018","Co. Offaly","Male","Euro","597.98"
"Median Weekly Earnings","2018","Co. Offaly","Female","Euro","462.03"
"Median Weekly Earnings","2018","Co. Roscommon","Both sexes","Euro","538.44"
"Median Weekly Earnings","2018","Co. Roscommon","Male","Euro","589.18"
"Median Weekly Earnings","2018","Co. Roscommon","Female","Euro","486.01"
"Median Weekly Earnings","2018","Co. Sligo","Both sexes","Euro","528.65"
"Median Weekly Earnings","2018","Co. Sligo","Male","Euro","565.08"
"Median Weekly Earnings","2018","Co. Sligo","Female","Euro","493.46"
"Median Weekly Earnings","2018","Co. Tipperary","Both sexes","Euro","529.43"
"Median Weekly Earnings","2018","Co. Tipperary","Male","Euro","591.36"
"Median Weekly Earnings","2018","Co. Tipperary","Female","Euro","462.02"
"Median Weekly Earnings","2018","Co. Waterford","Both sexes","Euro","526.49"
"Median Weekly Earnings","2018","Co. Waterford","Male","Euro","602.93"
"Median Weekly Earnings","2018","Co. Waterford","Female","Euro","448.08"
"Median Weekly Earnings","2018","Co. Wicklow","Both sexes","Euro","581.48"
"Median Weekly Earnings","2018","Co. Wicklow","Male","Euro","664.46"
"Median Weekly Earnings","2018","Co. Wicklow","Female","Euro","498.5"
"Median Weekly Earnings","2018","Co. Westmeath","Both sexes","Euro","552.62"
"Median Weekly Earnings","2018","Co. Westmeath","Male","Euro","615.72"
"Median Weekly Earnings","2018","Co. Westmeath","Female","Euro","480.06"
"Median Weekly Earnings","2018","Co. Wexford","Both sexes","Euro","505.92"
"Median Weekly Earnings","2018","Co. Wexford","Male","Euro","566.54"
"Median Weekly Earnings","2018","Co. Wexford","Female","Euro","436.03"
"Median Weekly Earnings","2018","Ireland","Both sexes","Euro","573.35"
"Median Weekly Earnings","2018","Ireland","Male","Euro","636.63"
"Median Weekly Earnings","2018","Ireland","Female","Euro","500"
"Median Weekly Earnings","2019","Co. Clare","Both sexes","Euro","585.95"
"Median Weekly Earnings","2019","Co. Clare","Male","Euro","660.89"
"Median Weekly Earnings","2019","Co. Clare","Female","Euro","512.15"
"Median Weekly Earnings","2019","Co. Cork","Both sexes","Euro","610.57"
"Median Weekly Earnings","2019","Co. Cork","Male","Euro","700.51"
"Median Weekly Earnings","2019","Co. Cork","Female","Euro","515.77"
"Median Weekly Earnings","2019","Co. Cavan","Both sexes","Euro","551.93"
"Median Weekly Earnings","2019","Co. Cavan","Male","Euro","613.74"
"Median Weekly Earnings","2019","Co. Cavan","Female","Euro","478.8"
"Median Weekly Earnings","2019","Co. Carlow","Both sexes","Euro","557.09"
"Median Weekly Earnings","2019","Co. Carlow","Male","Euro","619.78"
"Median Weekly Earnings","2019","Co. Carlow","Female","Euro","461.69"
"Median Weekly Earnings","2019","Co. Donegal","Both sexes","Euro","479.6"
"Median Weekly Earnings","2019","Co. Donegal","Male","Euro","522.29"
"Median Weekly Earnings","2019","Co. Donegal","Female","Euro","426.64"
"Median Weekly Earnings","2019","Co. Dublin","Both sexes","Euro","653.85"
"Median Weekly Earnings","2019","Co. Dublin","Male","Euro","724.4"
"Median Weekly Earnings","2019","Co. Dublin","Female","Euro","577"
"Median Weekly Earnings","2019","Co. Galway","Both sexes","Euro","592.34"
"Median Weekly Earnings","2019","Co. Galway","Male","Euro","640.96"
"Median Weekly Earnings","2019","Co. Galway","Female","Euro","539.8"
"Median Weekly Earnings","2019","Co. Kildare","Both sexes","Euro","644.87"
"Median Weekly Earnings","2019","Co. Kildare","Male","Euro","731.16"
"Median Weekly Earnings","2019","Co. Kildare","Female","Euro","550.06"
"Median Weekly Earnings","2019","Co. Kilkenny","Both sexes","Euro","591.74"
"Median Weekly Earnings","2019","Co. Kilkenny","Male","Euro","650.54"
"Median Weekly Earnings","2019","Co. Kilkenny","Female","Euro","528.43"
"Median Weekly Earnings","2019","Co. Kerry","Both sexes","Euro","511.46"
"Median Weekly Earnings","2019","Co. Kerry","Male","Euro","577.6"
"Median Weekly Earnings","2019","Co. Kerry","Female","Euro","448"
"Median Weekly Earnings","2019","Co. Longford","Both sexes","Euro","529.77"
"Median Weekly Earnings","2019","Co. Longford","Male","Euro","574.68"
"Median Weekly Earnings","2019","Co. Longford","Female","Euro","474.53"
"Median Weekly Earnings","2019","Co. Louth","Both sexes","Euro","567.71"
"Median Weekly Earnings","2019","Co. Louth","Male","Euro","629.84"
"Median Weekly Earnings","2019","Co. Louth","Female","Euro","490.88"
"Median Weekly Earnings","2019","Co. Limerick","Both sexes","Euro","590.38"
"Median Weekly Earnings","2019","Co. Limerick","Male","Euro","658"
"Median Weekly Earnings","2019","Co. Limerick","Female","Euro","513.45"
"Median Weekly Earnings","2019","Co. Leitrim","Both sexes","Euro","546.46"
"Median Weekly Earnings","2019","Co. Leitrim","Male","Euro","581.09"
"Median Weekly Earnings","2019","Co. Leitrim","Female","Euro","506.09"
"Median Weekly Earnings","2019","Co. Laois","Both sexes","Euro","594"
"Median Weekly Earnings","2019","Co. Laois","Male","Euro","658.62"
"Median Weekly Earnings","2019","Co. Laois","Female","Euro","516.34"
"Median Weekly Earnings","2019","Co. Meath","Both sexes","Euro","633.03"
"Median Weekly Earnings","2019","Co. Meath","Male","Euro","720.86"
"Median Weekly Earnings","2019","Co. Meath","Female","Euro","537.09"
"Median Weekly Earnings","2019","Co. Monaghan","Both sexes","Euro","519.15"
"Median Weekly Earnings","2019","Co. Monaghan","Male","Euro","566.39"
"Median Weekly Earnings","2019","Co. Monaghan","Female","Euro","462.26"
"Median Weekly Earnings","2019","Co. Mayo","Both sexes","Euro","539.22"
"Median Weekly Earnings","2019","Co. Mayo","Male","Euro","595.79"
"Median Weekly Earnings","2019","Co. Mayo","Female","Euro","479.44"
"Median Weekly Earnings","2019","Co. Offaly","Both sexes","Euro","563.87"
"Median Weekly Earnings","2019","Co. Offaly","Male","Euro","626.22"
"Median Weekly Earnings","2019","Co. Offaly","Female","Euro","485.11"
"Median Weekly Earnings","2019","Co. Roscommon","Both sexes","Euro","562.65"
"Median Weekly Earnings","2019","Co. Roscommon","Male","Euro","612.18"
"Median Weekly Earnings","2019","Co. Roscommon","Female","Euro","502.25"
"Median Weekly Earnings","2019","Co. Sligo","Both sexes","Euro","557.69"
"Median Weekly Earnings","2019","Co. Sligo","Male","Euro","592.95"
"Median Weekly Earnings","2019","Co. Sligo","Female","Euro","520.32"
"Median Weekly Earnings","2019","Co. Tipperary","Both sexes","Euro","555.15"
"Median Weekly Earnings","2019","Co. Tipperary","Male","Euro","612.98"
"Median Weekly Earnings","2019","Co. Tipperary","Female","Euro","482.45"
"Median Weekly Earnings","2019","Co. Waterford","Both sexes","Euro","553.19"
"Median Weekly Earnings","2019","Co. Waterford","Male","Euro","626.63"
"Median Weekly Earnings","2019","Co. Waterford","Female","Euro","473.98"
"Median Weekly Earnings","2019","Co. Wicklow","Both sexes","Euro","609.44"
"Median Weekly Earnings","2019","Co. Wicklow","Male","Euro","694.73"
"Median Weekly Earnings","2019","Co. Wicklow","Female","Euro","520.77"
"Median Weekly Earnings","2019","Co. Westmeath","Both sexes","Euro","579.26"
"Median Weekly Earnings","2019","Co. Westmeath","Male","Euro","646.59"
"Median Weekly Earnings","2019","Co. Westmeath","Female","Euro","500"
"Median Weekly Earnings","2019","Co. Wexford","Both sexes","Euro","528.85"
"Median Weekly Earnings","2019","Co. Wexford","Male","Euro","589.69"
"Median Weekly Earnings","2019","Co. Wexford","Female","Euro","457.96"
"Median Weekly Earnings","2019","Ireland","Both sexes","Euro","598.36"
"Median Weekly Earnings","2019","Ireland","Male","Euro","666.22"
"Median Weekly Earnings","2019","Ireland","Female","Euro","523.1"
"Median Weekly Earnings","2020","Co. Clare","Both sexes","Euro","622.22"
"Median Weekly Earnings","2020","Co. Clare","Male","Euro","679.67"
"Median Weekly Earnings","2020","Co. Clare","Female","Euro","560.81"
"Median Weekly Earnings","2020","Co. Cork","Both sexes","Euro","637.34"
"Median Weekly Earnings","2020","Co. Cork","Male","Euro","725.26"
"Median Weekly Earnings","2020","Co. Cork","Female","Euro","548.36"
"Median Weekly Earnings","2020","Co. Cavan","Both sexes","Euro","577.27"
"Median Weekly Earnings","2020","Co. Cavan","Male","Euro","626.17"
"Median Weekly Earnings","2020","Co. Cavan","Female","Euro","511.73"
"Median Weekly Earnings","2020","Co. Carlow","Both sexes","Euro","570.21"
"Median Weekly Earnings","2020","Co. Carlow","Male","Euro","627.06"
"Median Weekly Earnings","2020","Co. Carlow","Female","Euro","491.3"
"Median Weekly Earnings","2020","Co. Donegal","Both sexes","Euro","512.01"
"Median Weekly Earnings","2020","Co. Donegal","Male","Euro","550.05"
"Median Weekly Earnings","2020","Co. Donegal","Female","Euro","466.99"
"Median Weekly Earnings","2020","Co. Dublin","Both sexes","Euro","699.27"
"Median Weekly Earnings","2020","Co. Dublin","Male","Euro","768.94"
"Median Weekly Earnings","2020","Co. Dublin","Female","Euro","625.07"
"Median Weekly Earnings","2020","Co. Galway","Both sexes","Euro","612.89"
"Median Weekly Earnings","2020","Co. Galway","Male","Euro","654.22"
"Median Weekly Earnings","2020","Co. Galway","Female","Euro","567.89"
"Median Weekly Earnings","2020","Co. Kildare","Both sexes","Euro","673.6"
"Median Weekly Earnings","2020","Co. Kildare","Male","Euro","751.54"
"Median Weekly Earnings","2020","Co. Kildare","Female","Euro","586.29"
"Median Weekly Earnings","2020","Co. Kilkenny","Both sexes","Euro","621.22"
"Median Weekly Earnings","2020","Co. Kilkenny","Male","Euro","667.39"
"Median Weekly Earnings","2020","Co. Kilkenny","Female","Euro","570.37"
"Median Weekly Earnings","2020","Co. Kerry","Both sexes","Euro","542.76"
"Median Weekly Earnings","2020","Co. Kerry","Male","Euro","600.33"
"Median Weekly Earnings","2020","Co. Kerry","Female","Euro","479.08"
"Median Weekly Earnings","2020","Co. Longford","Both sexes","Euro","548.81"
"Median Weekly Earnings","2020","Co. Longford","Male","Euro","587.96"
"Median Weekly Earnings","2020","Co. Longford","Female","Euro","491.25"
"Median Weekly Earnings","2020","Co. Louth","Both sexes","Euro","584.2"
"Median Weekly Earnings","2020","Co. Louth","Male","Euro","641.02"
"Median Weekly Earnings","2020","Co. Louth","Female","Euro","516.23"
"Median Weekly Earnings","2020","Co. Limerick","Both sexes","Euro","612.44"
"Median Weekly Earnings","2020","Co. Limerick","Male","Euro","672.57"
"Median Weekly Earnings","2020","Co. Limerick","Female","Euro","543.9"
"Median Weekly Earnings","2020","Co. Leitrim","Both sexes","Euro","575.64"
"Median Weekly Earnings","2020","Co. Leitrim","Male","Euro","601.25"
"Median Weekly Earnings","2020","Co. Leitrim","Female","Euro","543.53"
"Median Weekly Earnings","2020","Co. Laois","Both sexes","Euro","617.42"
"Median Weekly Earnings","2020","Co. Laois","Male","Euro","675.34"
"Median Weekly Earnings","2020","Co. Laois","Female","Euro","548.14"
"Median Weekly Earnings","2020","Co. Meath","Both sexes","Euro","654.09"
"Median Weekly Earnings","2020","Co. Meath","Male","Euro","732.6"
"Median Weekly Earnings","2020","Co. Meath","Female","Euro","569.53"
"Median Weekly Earnings","2020","Co. Monaghan","Both sexes","Euro","536.24"
"Median Weekly Earnings","2020","Co. Monaghan","Male","Euro","570.76"
"Median Weekly Earnings","2020","Co. Monaghan","Female","Euro","486.99"
"Median Weekly Earnings","2020","Co. Mayo","Both sexes","Euro","562.54"
"Median Weekly Earnings","2020","Co. Mayo","Male","Euro","614.42"
"Median Weekly Earnings","2020","Co. Mayo","Female","Euro","505.11"
"Median Weekly Earnings","2020","Co. Offaly","Both sexes","Euro","592.91"
"Median Weekly Earnings","2020","Co. Offaly","Male","Euro","642.49"
"Median Weekly Earnings","2020","Co. Offaly","Female","Euro","520.46"
"Median Weekly Earnings","2020","Co. Roscommon","Both sexes","Euro","592.31"
"Median Weekly Earnings","2020","Co. Roscommon","Male","Euro","630.47"
"Median Weekly Earnings","2020","Co. Roscommon","Female","Euro","547.52"
"Median Weekly Earnings","2020","Co. Sligo","Both sexes","Euro","586.13"
"Median Weekly Earnings","2020","Co. Sligo","Male","Euro","609.7"
"Median Weekly Earnings","2020","Co. Sligo","Female","Euro","563.16"
"Median Weekly Earnings","2020","Co. Tipperary","Both sexes","Euro","581.43"
"Median Weekly Earnings","2020","Co. Tipperary","Male","Euro","634.44"
"Median Weekly Earnings","2020","Co. Tipperary","Female","Euro","514.56"
"Median Weekly Earnings","2020","Co. Waterford","Both sexes","Euro","579.18"
"Median Weekly Earnings","2020","Co. Waterford","Male","Euro","648.13"
"Median Weekly Earnings","2020","Co. Waterford","Female","Euro","500.43"
"Median Weekly Earnings","2020","Co. Wicklow","Both sexes","Euro","638.58"
"Median Weekly Earnings","2020","Co. Wicklow","Male","Euro","720.45"
"Median Weekly Earnings","2020","Co. Wicklow","Female","Euro","554.33"
"Median Weekly Earnings","2020","Co. Westmeath","Both sexes","Euro","601.01"
"Median Weekly Earnings","2020","Co. Westmeath","Male","Euro","657.79"
"Median Weekly Earnings","2020","Co. Westmeath","Female","Euro","526.46"
"Median Weekly Earnings","2020","Co. Wexford","Both sexes","Euro","544.17"
"Median Weekly Earnings","2020","Co. Wexford","Male","Euro","596.05"
"Median Weekly Earnings","2020","Co. Wexford","Female","Euro","480.15"
"Median Weekly Earnings","2020","Ireland","Both sexes","Euro","629.46"
"Median Weekly Earnings","2020","Ireland","Male","Euro","690.56"
"Median Weekly Earnings","2020","Ireland","Female","Euro","561.23"
"Median Weekly Earnings","2021","Co. Clare","Both sexes","Euro","635.5"
"Median Weekly Earnings","2021","Co. Clare","Male","Euro","698.62"
"Median Weekly Earnings","2021","Co. Clare","Female","Euro","572.41"
"Median Weekly Earnings","2021","Co. Cork","Both sexes","Euro","656.17"
"Median Weekly Earnings","2021","Co. Cork","Male","Euro","748.83"
"Median Weekly Earnings","2021","Co. Cork","Female","Euro","561.45"
"Median Weekly Earnings","2021","Co. Cavan","Both sexes","Euro","596.18"
"Median Weekly Earnings","2021","Co. Cavan","Male","Euro","653.66"
"Median Weekly Earnings","2021","Co. Cavan","Female","Euro","524.26"
"Median Weekly Earnings","2021","Co. Carlow","Both sexes","Euro","593.27"
"Median Weekly Earnings","2021","Co. Carlow","Male","Euro","661.71"
"Median Weekly Earnings","2021","Co. Carlow","Female","Euro","499.13"
"Median Weekly Earnings","2021","Co. Donegal","Both sexes","Euro","517.93"
"Median Weekly Earnings","2021","Co. Donegal","Male","Euro","560.16"
"Median Weekly Earnings","2021","Co. Donegal","Female","Euro","470.36"
"Median Weekly Earnings","2021","Co. Dublin","Both sexes","Euro","708.08"
"Median Weekly Earnings","2021","Co. Dublin","Male","Euro","780.27"
"Median Weekly Earnings","2021","Co. Dublin","Female","Euro","629.19"
"Median Weekly Earnings","2021","Co. Galway","Both sexes","Euro","631.5"
"Median Weekly Earnings","2021","Co. Galway","Male","Euro","676.16"
"Median Weekly Earnings","2021","Co. Galway","Female","Euro","581.2"
"Median Weekly Earnings","2021","Co. Kildare","Both sexes","Euro","691.99"
"Median Weekly Earnings","2021","Co. Kildare","Male","Euro","779.65"
"Median Weekly Earnings","2021","Co. Kildare","Female","Euro","593.74"
"Median Weekly Earnings","2021","Co. Kilkenny","Both sexes","Euro","638.51"
"Median Weekly Earnings","2021","Co. Kilkenny","Male","Euro","692.04"
"Median Weekly Earnings","2021","Co. Kilkenny","Female","Euro","576.92"
"Median Weekly Earnings","2021","Co. Kerry","Both sexes","Euro","557.08"
"Median Weekly Earnings","2021","Co. Kerry","Male","Euro","618.93"
"Median Weekly Earnings","2021","Co. Kerry","Female","Euro","493.52"
"Median Weekly Earnings","2021","Co. Longford","Both sexes","Euro","573.68"
"Median Weekly Earnings","2021","Co. Longford","Male","Euro","615.69"
"Median Weekly Earnings","2021","Co. Longford","Female","Euro","516.43"
"Median Weekly Earnings","2021","Co. Louth","Both sexes","Euro","600.25"
"Median Weekly Earnings","2021","Co. Louth","Male","Euro","666.88"
"Median Weekly Earnings","2021","Co. Louth","Female","Euro","523.38"
"Median Weekly Earnings","2021","Co. Limerick","Both sexes","Euro","625.96"
"Median Weekly Earnings","2021","Co. Limerick","Male","Euro","690.5"
"Median Weekly Earnings","2021","Co. Limerick","Female","Euro","555.39"
"Median Weekly Earnings","2021","Co. Leitrim","Both sexes","Euro","585.2"
"Median Weekly Earnings","2021","Co. Leitrim","Male","Euro","622.32"
"Median Weekly Earnings","2021","Co. Leitrim","Female","Euro","546.64"
"Median Weekly Earnings","2021","Co. Laois","Both sexes","Euro","635.51"
"Median Weekly Earnings","2021","Co. Laois","Male","Euro","699.08"
"Median Weekly Earnings","2021","Co. Laois","Female","Euro","558.94"
"Median Weekly Earnings","2021","Co. Meath","Both sexes","Euro","674.37"
"Median Weekly Earnings","2021","Co. Meath","Male","Euro","764.96"
"Median Weekly Earnings","2021","Co. Meath","Female","Euro","579.81"
"Median Weekly Earnings","2021","Co. Monaghan","Both sexes","Euro","558.84"
"Median Weekly Earnings","2021","Co. Monaghan","Male","Euro","600.84"
"Median Weekly Earnings","2021","Co. Monaghan","Female","Euro","500"
"Median Weekly Earnings","2021","Co. Mayo","Both sexes","Euro","578.51"
"Median Weekly Earnings","2021","Co. Mayo","Male","Euro","634.03"
"Median Weekly Earnings","2021","Co. Mayo","Female","Euro","518.38"
"Median Weekly Earnings","2021","Co. Offaly","Both sexes","Euro","607.94"
"Median Weekly Earnings","2021","Co. Offaly","Male","Euro","666.76"
"Median Weekly Earnings","2021","Co. Offaly","Female","Euro","528.86"
"Median Weekly Earnings","2021","Co. Roscommon","Both sexes","Euro","608.39"
"Median Weekly Earnings","2021","Co. Roscommon","Male","Euro","656.34"
"Median Weekly Earnings","2021","Co. Roscommon","Female","Euro","557.32"
"Median Weekly Earnings","2021","Co. Sligo","Both sexes","Euro","598.31"
"Median Weekly Earnings","2021","Co. Sligo","Male","Euro","630.74"
"Median Weekly Earnings","2021","Co. Sligo","Female","Euro","563.93"
"Median Weekly Earnings","2021","Co. Tipperary","Both sexes","Euro","596.55"
"Median Weekly Earnings","2021","Co. Tipperary","Male","Euro","653.85"
"Median Weekly Earnings","2021","Co. Tipperary","Female","Euro","527.23"
"Median Weekly Earnings","2021","Co. Waterford","Both sexes","Euro","594.47"
"Median Weekly Earnings","2021","Co. Waterford","Male","Euro","668.48"
"Median Weekly Earnings","2021","Co. Waterford","Female","Euro","508.42"
"Median Weekly Earnings","2021","Co. Wicklow","Both sexes","Euro","655.63"
"Median Weekly Earnings","2021","Co. Wicklow","Male","Euro","745.01"
"Median Weekly Earnings","2021","Co. Wicklow","Female","Euro","568.14"
"Median Weekly Earnings","2021","Co. Westmeath","Both sexes","Euro","615.95"
"Median Weekly Earnings","2021","Co. Westmeath","Male","Euro","684.23"
"Median Weekly Earnings","2021","Co. Westmeath","Female","Euro","533.5"
"Median Weekly Earnings","2021","Co. Wexford","Both sexes","Euro","565.97"
"Median Weekly Earnings","2021","Co. Wexford","Male","Euro","623.83"
"Median Weekly Earnings","2021","Co. Wexford","Female","Euro","493.51"
"Median Weekly Earnings","2021","Ireland","Both sexes","Euro","644.55"
"Median Weekly Earnings","2021","Ireland","Male","Euro","711.87"
"Median Weekly Earnings","2021","Ireland","Female","Euro","570.22"
"Median Weekly Earnings","2022","Co. Clare","Both sexes","Euro","659.86"
"Median Weekly Earnings","2022","Co. Clare","Male","Euro","725.42"
"Median Weekly Earnings","2022","Co. Clare","Female","Euro","593.5"
"Median Weekly Earnings","2022","Co. Cork","Both sexes","Euro","694.96"
"Median Weekly Earnings","2022","Co. Cork","Male","Euro","795.88"
"Median Weekly Earnings","2022","Co. Cork","Female","Euro","593.38"
"Median Weekly Earnings","2022","Co. Cavan","Both sexes","Euro","620.97"
"Median Weekly Earnings","2022","Co. Cavan","Male","Euro","686.84"
"Median Weekly Earnings","2022","Co. Cavan","Female","Euro","544.38"
"Median Weekly Earnings","2022","Co. Carlow","Both sexes","Euro","625"
"Median Weekly Earnings","2022","Co. Carlow","Male","Euro","701.65"
"Median Weekly Earnings","2022","Co. Carlow","Female","Euro","529.73"
"Median Weekly Earnings","2022","Co. Donegal","Both sexes","Euro","540"
"Median Weekly Earnings","2022","Co. Donegal","Male","Euro","587.02"
"Median Weekly Earnings","2022","Co. Donegal","Female","Euro","488.46"
"Median Weekly Earnings","2022","Co. Dublin","Both sexes","Euro","757.03"
"Median Weekly Earnings","2022","Co. Dublin","Male","Euro","835.05"
"Median Weekly Earnings","2022","Co. Dublin","Female","Euro","672.22"
"Median Weekly Earnings","2022","Co. Galway","Both sexes","Euro","666.29"
"Median Weekly Earnings","2022","Co. Galway","Male","Euro","719.58"
"Median Weekly Earnings","2022","Co. Galway","Female","Euro","610.35"
"Median Weekly Earnings","2022","Co. Kildare","Both sexes","Euro","733.52"
"Median Weekly Earnings","2022","Co. Kildare","Male","Euro","832.29"
"Median Weekly Earnings","2022","Co. Kildare","Female","Euro","627.24"
"Median Weekly Earnings","2022","Co. Kilkenny","Both sexes","Euro","655.13"
"Median Weekly Earnings","2022","Co. Kilkenny","Male","Euro","713.88"
"Median Weekly Earnings","2022","Co. Kilkenny","Female","Euro","587.7"
"Median Weekly Earnings","2022","Co. Kerry","Both sexes","Euro","583.61"
"Median Weekly Earnings","2022","Co. Kerry","Male","Euro","651.13"
"Median Weekly Earnings","2022","Co. Kerry","Female","Euro","515.09"
"Median Weekly Earnings","2022","Co. Longford","Both sexes","Euro","602.02"
"Median Weekly Earnings","2022","Co. Longford","Male","Euro","653.96"
"Median Weekly Earnings","2022","Co. Longford","Female","Euro","541.75"
"Median Weekly Earnings","2022","Co. Louth","Both sexes","Euro","636.07"
"Median Weekly Earnings","2022","Co. Louth","Male","Euro","703.5"
"Median Weekly Earnings","2022","Co. Louth","Female","Euro","558.85"
"Median Weekly Earnings","2022","Co. Limerick","Both sexes","Euro","672.34"
"Median Weekly Earnings","2022","Co. Limerick","Male","Euro","739.05"
"Median Weekly Earnings","2022","Co. Limerick","Female","Euro","599.43"
"Median Weekly Earnings","2022","Co. Leitrim","Both sexes","Euro","615.08"
"Median Weekly Earnings","2022","Co. Leitrim","Male","Euro","656.03"
"Median Weekly Earnings","2022","Co. Leitrim","Female","Euro","578.27"
"Median Weekly Earnings","2022","Co. Laois","Both sexes","Euro","659"
"Median Weekly Earnings","2022","Co. Laois","Male","Euro","736.28"
"Median Weekly Earnings","2022","Co. Laois","Female","Euro","572.63"
"Median Weekly Earnings","2022","Co. Meath","Both sexes","Euro","710.75"
"Median Weekly Earnings","2022","Co. Meath","Male","Euro","810.21"
"Median Weekly Earnings","2022","Co. Meath","Female","Euro","606"
"Median Weekly Earnings","2022","Co. Monaghan","Both sexes","Euro","582.72"
"Median Weekly Earnings","2022","Co. Monaghan","Male","Euro","631.24"
"Median Weekly Earnings","2022","Co. Monaghan","Female","Euro","524.04"
"Median Weekly Earnings","2022","Co. Mayo","Both sexes","Euro","608.35"
"Median Weekly Earnings","2022","Co. Mayo","Male","Euro","668.45"
"Median Weekly Earnings","2022","Co. Mayo","Female","Euro","546.15"
"Median Weekly Earnings","2022","Co. Offaly","Both sexes","Euro","635.83"
"Median Weekly Earnings","2022","Co. Offaly","Male","Euro","702.39"
"Median Weekly Earnings","2022","Co. Offaly","Female","Euro","550.44"
"Median Weekly Earnings","2022","Co. Roscommon","Both sexes","Euro","630.7"
"Median Weekly Earnings","2022","Co. Roscommon","Male","Euro","680.72"
"Median Weekly Earnings","2022","Co. Roscommon","Female","Euro","576.92"
"Median Weekly Earnings","2022","Co. Sligo","Both sexes","Euro","634.09"
"Median Weekly Earnings","2022","Co. Sligo","Male","Euro","666.56"
"Median Weekly Earnings","2022","Co. Sligo","Female","Euro","596.83"
"Median Weekly Earnings","2022","Co. Tipperary","Both sexes","Euro","624.2"
"Median Weekly Earnings","2022","Co. Tipperary","Male","Euro","688.14"
"Median Weekly Earnings","2022","Co. Tipperary","Female","Euro","551.81"
"Median Weekly Earnings","2022","Co. Waterford","Both sexes","Euro","632.42"
"Median Weekly Earnings","2022","Co. Waterford","Male","Euro","714.49"
"Median Weekly Earnings","2022","Co. Waterford","Female","Euro","541.63"
"Median Weekly Earnings","2022","Co. Wicklow","Both sexes","Euro","696.59"
"Median Weekly Earnings","2022","Co. Wicklow","Male","Euro","794.72"
"Median Weekly Earnings","2022","Co. Wicklow","Female","Euro","602.7"
"Median Weekly Earnings","2022","Co. Westmeath","Both sexes","Euro","654.69"
"Median Weekly Earnings","2022","Co. Westmeath","Male","Euro","726.71"
"Median Weekly Earnings","2022","Co. Westmeath","Female","Euro","576.14"
"Median Weekly Earnings","2022","Co. Wexford","Both sexes","Euro","592.89"
"Median Weekly Earnings","2022","Co. Wexford","Male","Euro","660.26"
"Median Weekly Earnings","2022","Co. Wexford","Female","Euro","519.21"
"Median Weekly Earnings","2022","Ireland","Both sexes","Euro","670.9"
"Median Weekly Earnings","2022","Ireland","Male","Euro","741.86"
"Median Weekly Earnings","2022","Ireland","Female","Euro","592.92"
"Median Weekly Earnings","2023","Co. Clare","Both sexes","Euro","687.03"
"Median Weekly Earnings","2023","Co. Clare","Male","Euro","761"
"Median Weekly Earnings","2023","Co. Clare","Female","Euro","612.76"
"Median Weekly Earnings","2023","Co. Cork","Both sexes","Euro","726.74"
"Median Weekly Earnings","2023","Co. Cork","Male","Euro","830.85"
"Median Weekly Earnings","2023","Co. Cork","Female","Euro","624.49"
"Median Weekly Earnings","2023","Co. Cavan","Both sexes","Euro","647.57"
"Median Weekly Earnings","2023","Co. Cavan","Male","Euro","714.86"
"Median Weekly Earnings","2023","Co. Cavan","Female","Euro","574.54"
"Median Weekly Earnings","2023","Co. Carlow","Both sexes","Euro","646.79"
"Median Weekly Earnings","2023","Co. Carlow","Male","Euro","719.95"
"Median Weekly Earnings","2023","Co. Carlow","Female","Euro","557.37"
"Median Weekly Earnings","2023","Co. Donegal","Both sexes","Euro","567.04"
"Median Weekly Earnings","2023","Co. Donegal","Male","Euro","608.36"
"Median Weekly Earnings","2023","Co. Donegal","Female","Euro","520.03"
"Median Weekly Earnings","2023","Co. Dublin","Both sexes","Euro","793.71"
"Median Weekly Earnings","2023","Co. Dublin","Male","Euro","874.52"
"Median Weekly Earnings","2023","Co. Dublin","Female","Euro","709.75"
"Median Weekly Earnings","2023","Co. Galway","Both sexes","Euro","690.97"
"Median Weekly Earnings","2023","Co. Galway","Male","Euro","746.4"
"Median Weekly Earnings","2023","Co. Galway","Female","Euro","633.52"
"Median Weekly Earnings","2023","Co. Kildare","Both sexes","Euro","766.19"
"Median Weekly Earnings","2023","Co. Kildare","Male","Euro","865.83"
"Median Weekly Earnings","2023","Co. Kildare","Female","Euro","660.92"
"Median Weekly Earnings","2023","Co. Kilkenny","Both sexes","Euro","687.47"
"Median Weekly Earnings","2023","Co. Kilkenny","Male","Euro","749.81"
"Median Weekly Earnings","2023","Co. Kilkenny","Female","Euro","618.98"
"Median Weekly Earnings","2023","Co. Kerry","Both sexes","Euro","604.57"
"Median Weekly Earnings","2023","Co. Kerry","Male","Euro","677.04"
"Median Weekly Earnings","2023","Co. Kerry","Female","Euro","537.95"
"Median Weekly Earnings","2023","Co. Longford","Both sexes","Euro","634.62"
"Median Weekly Earnings","2023","Co. Longford","Male","Euro","688.15"
"Median Weekly Earnings","2023","Co. Longford","Female","Euro","571.94"
"Median Weekly Earnings","2023","Co. Louth","Both sexes","Euro","664.49"
"Median Weekly Earnings","2023","Co. Louth","Male","Euro","732.01"
"Median Weekly Earnings","2023","Co. Louth","Female","Euro","583.44"
"Median Weekly Earnings","2023","Co. Limerick","Both sexes","Euro","700"
"Median Weekly Earnings","2023","Co. Limerick","Male","Euro","771.9"
"Median Weekly Earnings","2023","Co. Limerick","Female","Euro","625.35"
"Median Weekly Earnings","2023","Co. Leitrim","Both sexes","Euro","632.68"
"Median Weekly Earnings","2023","Co. Leitrim","Male","Euro","682.66"
"Median Weekly Earnings","2023","Co. Leitrim","Female","Euro","592.49"
"Median Weekly Earnings","2023","Co. Laois","Both sexes","Euro","688.67"
"Median Weekly Earnings","2023","Co. Laois","Male","Euro","767.78"
"Median Weekly Earnings","2023","Co. Laois","Female","Euro","605.62"
"Median Weekly Earnings","2023","Co. Meath","Both sexes","Euro","743.15"
"Median Weekly Earnings","2023","Co. Meath","Male","Euro","844.96"
"Median Weekly Earnings","2023","Co. Meath","Female","Euro","638.19"
"Median Weekly Earnings","2023","Co. Monaghan","Both sexes","Euro","608.21"
"Median Weekly Earnings","2023","Co. Monaghan","Male","Euro","655.73"
"Median Weekly Earnings","2023","Co. Monaghan","Female","Euro","548.84"
"Median Weekly Earnings","2023","Co. Mayo","Both sexes","Euro","632.98"
"Median Weekly Earnings","2023","Co. Mayo","Male","Euro","695.19"
"Median Weekly Earnings","2023","Co. Mayo","Female","Euro","568.71"
"Median Weekly Earnings","2023","Co. Offaly","Both sexes","Euro","663.7"
"Median Weekly Earnings","2023","Co. Offaly","Male","Euro","735.4"
"Median Weekly Earnings","2023","Co. Offaly","Female","Euro","580.68"
"Median Weekly Earnings","2023","Co. Roscommon","Both sexes","Euro","658.04"
"Median Weekly Earnings","2023","Co. Roscommon","Male","Euro","712.64"
"Median Weekly Earnings","2023","Co. Roscommon","Female","Euro","599.63"
"Median Weekly Earnings","2023","Co. Sligo","Both sexes","Euro","657.63"
"Median Weekly Earnings","2023","Co. Sligo","Male","Euro","693.87"
"Median Weekly Earnings","2023","Co. Sligo","Female","Euro","617.03"
"Median Weekly Earnings","2023","Co. Tipperary","Both sexes","Euro","654.71"
"Median Weekly Earnings","2023","Co. Tipperary","Male","Euro","721.09"
"Median Weekly Earnings","2023","Co. Tipperary","Female","Euro","579.9"
"Median Weekly Earnings","2023","Co. Waterford","Both sexes","Euro","661.96"
"Median Weekly Earnings","2023","Co. Waterford","Male","Euro","746.72"
"Median Weekly Earnings","2023","Co. Waterford","Female","Euro","576.92"
"Median Weekly Earnings","2023","Co. Wicklow","Both sexes","Euro","730.77"
"Median Weekly Earnings","2023","Co. Wicklow","Male","Euro","831.99"
"Median Weekly Earnings","2023","Co. Wicklow","Female","Euro","631.14"
"Median Weekly Earnings","2023","Co. Westmeath","Both sexes","Euro","682.46"
"Median Weekly Earnings","2023","Co. Westmeath","Male","Euro","760"
"Median Weekly Earnings","2023","Co. Westmeath","Female","Euro","602.39"
"Median Weekly Earnings","2023","Co. Wexford","Both sexes","Euro","624.18"
"Median Weekly Earnings","2023","Co. Wexford","Male","Euro","692.31"
"Median Weekly Earnings","2023","Co. Wexford","Female","Euro","550.38"
"Median Weekly Earnings","2023","Ireland","Both sexes","Euro","699.28"
"Median Weekly Earnings","2023","Ireland","Male","Euro","770.52"
"Median Weekly Earnings","2023","Ireland","Female","Euro","623.22"
"Median Weekly Earnings","2024","Co. Clare","Both sexes","Euro","718.22"
"Median Weekly Earnings","2024","Co. Clare","Male","Euro","794.79"
"Median Weekly Earnings","2024","Co. Clare","Female","Euro","644.46"
"Median Weekly Earnings","2024","Co. Cork","Both sexes","Euro","765.64"
"Median Weekly Earnings","2024","Co. Cork","Male","Euro","871.35"
"Median Weekly Earnings","2024","Co. Cork","Female","Euro","657.75"
"Median Weekly Earnings","2024","Co. Cavan","Both sexes","Euro","682.62"
"Median Weekly Earnings","2024","Co. Cavan","Male","Euro","750.92"
"Median Weekly Earnings","2024","Co. Cavan","Female","Euro","607.59"
"Median Weekly Earnings","2024","Co. Carlow","Both sexes","Euro","677.77"
"Median Weekly Earnings","2024","Co. Carlow","Male","Euro","750.07"
"Median Weekly Earnings","2024","Co. Carlow","Female","Euro","590.29"
"Median Weekly Earnings","2024","Co. Donegal","Both sexes","Euro","603.67"
"Median Weekly Earnings","2024","Co. Donegal","Male","Euro","648.91"
"Median Weekly Earnings","2024","Co. Donegal","Female","Euro","555.3"
"Median Weekly Earnings","2024","Co. Dublin","Both sexes","Euro","821.42"
"Median Weekly Earnings","2024","Co. Dublin","Male","Euro","904.71"
"Median Weekly Earnings","2024","Co. Dublin","Female","Euro","736.09"
"Median Weekly Earnings","2024","Co. Galway","Both sexes","Euro","728.49"
"Median Weekly Earnings","2024","Co. Galway","Male","Euro","783.21"
"Median Weekly Earnings","2024","Co. Galway","Female","Euro","670.2"
"Median Weekly Earnings","2024","Co. Kildare","Both sexes","Euro","797.73"
"Median Weekly Earnings","2024","Co. Kildare","Male","Euro","900.35"
"Median Weekly Earnings","2024","Co. Kildare","Female","Euro","692.28"
"Median Weekly Earnings","2024","Co. Kilkenny","Both sexes","Euro","716.28"
"Median Weekly Earnings","2024","Co. Kilkenny","Male","Euro","777.49"
"Median Weekly Earnings","2024","Co. Kilkenny","Female","Euro","648.95"
"Median Weekly Earnings","2024","Co. Kerry","Both sexes","Euro","634.62"
"Median Weekly Earnings","2024","Co. Kerry","Male","Euro","707"
"Median Weekly Earnings","2024","Co. Kerry","Female","Euro","565.39"
"Median Weekly Earnings","2024","Co. Longford","Both sexes","Euro","663.86"
"Median Weekly Earnings","2024","Co. Longford","Male","Euro","716.23"
"Median Weekly Earnings","2024","Co. Longford","Female","Euro","608.27"
"Median Weekly Earnings","2024","Co. Louth","Both sexes","Euro","696.63"
"Median Weekly Earnings","2024","Co. Louth","Male","Euro","766.03"
"Median Weekly Earnings","2024","Co. Louth","Female","Euro","615.24"
"Median Weekly Earnings","2024","Co. Limerick","Both sexes","Euro","740.95"
"Median Weekly Earnings","2024","Co. Limerick","Male","Euro","811.03"
"Median Weekly Earnings","2024","Co. Limerick","Female","Euro","661.57"
"Median Weekly Earnings","2024","Co. Leitrim","Both sexes","Euro","668.41"
"Median Weekly Earnings","2024","Co. Leitrim","Male","Euro","715.46"
"Median Weekly Earnings","2024","Co. Leitrim","Female","Euro","621.68"
"Median Weekly Earnings","2024","Co. Laois","Both sexes","Euro","720.02"
"Median Weekly Earnings","2024","Co. Laois","Male","Euro","794.89"
"Median Weekly Earnings","2024","Co. Laois","Female","Euro","634.77"
"Median Weekly Earnings","2024","Co. Meath","Both sexes","Euro","765.61"
"Median Weekly Earnings","2024","Co. Meath","Male","Euro","864.62"
"Median Weekly Earnings","2024","Co. Meath","Female","Euro","663.44"
"Median Weekly Earnings","2024","Co. Monaghan","Both sexes","Euro","646.5"
"Median Weekly Earnings","2024","Co. Monaghan","Male","Euro","699.17"
"Median Weekly Earnings","2024","Co. Monaghan","Female","Euro","585.01"
"Median Weekly Earnings","2024","Co. Mayo","Both sexes","Euro","668.01"
"Median Weekly Earnings","2024","Co. Mayo","Male","Euro","727.9"
"Median Weekly Earnings","2024","Co. Mayo","Female","Euro","603.52"
"Median Weekly Earnings","2024","Co. Offaly","Both sexes","Euro","694.55"
"Median Weekly Earnings","2024","Co. Offaly","Male","Euro","767.33"
"Median Weekly Earnings","2024","Co. Offaly","Female","Euro","611.58"
"Median Weekly Earnings","2024","Co. Roscommon","Both sexes","Euro","697.12"
"Median Weekly Earnings","2024","Co. Roscommon","Male","Euro","750.81"
"Median Weekly Earnings","2024","Co. Roscommon","Female","Euro","637.31"
"Median Weekly Earnings","2024","Co. Sligo","Both sexes","Euro","698.12"
"Median Weekly Earnings","2024","Co. Sligo","Male","Euro","735.82"
"Median Weekly Earnings","2024","Co. Sligo","Female","Euro","656.05"
"Median Weekly Earnings","2024","Co. Tipperary","Both sexes","Euro","692.47"
"Median Weekly Earnings","2024","Co. Tipperary","Male","Euro","757.66"
"Median Weekly Earnings","2024","Co. Tipperary","Female","Euro","617.56"
"Median Weekly Earnings","2024","Co. Waterford","Both sexes","Euro","697.34"
"Median Weekly Earnings","2024","Co. Waterford","Male","Euro","781.01"
"Median Weekly Earnings","2024","Co. Waterford","Female","Euro","609.85"
"Median Weekly Earnings","2024","Co. Wicklow","Both sexes","Euro","755.06"
"Median Weekly Earnings","2024","Co. Wicklow","Male","Euro","854.5"
"Median Weekly Earnings","2024","Co. Wicklow","Female","Euro","659.38"
"Median Weekly Earnings","2024","Co. Westmeath","Both sexes","Euro","720.84"
"Median Weekly Earnings","2024","Co. Westmeath","Male","Euro","793.01"
"Median Weekly Earnings","2024","Co. Westmeath","Female","Euro","636.92"
"Median Weekly Earnings","2024","Co. Wexford","Both sexes","Euro","653.41"
"Median Weekly Earnings","2024","Co. Wexford","Male","Euro","720.41"
"Median Weekly Earnings","2024","Co. Wexford","Female","Euro","578.55"
"Median Weekly Earnings","2024","Ireland","Both sexes","Euro","730.89"
"Median Weekly Earnings","2024","Ireland","Male","Euro","802.14"
"Median Weekly Earnings","2024","Ireland","Female","Euro","654.07"
